date,status,type,check_number,description,withdrawal,deposit,amount,running_balance,category
12/31/24,Posted,INTADJUST,,Interest Paid,,0.25,0.25,960.35,
12/31/24,Posted,VISA,,COSTCO WHSE #0481 GILBERT,186.28,,-186.28,960.1,
12/31/24,Posted,ACH,,VERIZON WIRELESS PAYMENTS 241230~ Tran:,459.52,,-459.52,1146.38,
12/30/24,Posted,ACH,,PAYPAL INST XFER 241228,95.29,,-95.29,1605.9,
12/30/24,Posted,ACH,,PAYPAL INST XFER 241228,10.4,,-10.4,1701.19,
12/30/24,Posted,ACH,,PAYPAL INST XFER 241227,8.44,,-8.44,1711.59,
12/27/24,Posted,DEBIT,,ZELLE TO GARRETT  GOODMAN,650,,-650,1720.03,
12/26/24,Posted,ACH,,GLOBAL CREDIT UN PAYMENT,489.79,,-489.79,2370.03,
12/25/24,Posted,VISA,,OPALSTACK WEB HOSTING OPALSTACK.COM,11.5,,-11.5,2859.82,
12/25/24,Posted,VISA,,HOBBY LOBBY #393 MESA,87.13,,-87.13,2871.32,
12/24/24,Posted,ACH,,VENMO PAYMENT 241223,21,,-21,2958.45,
12/24/24,Posted,ACH,,PAYPAL INST XFER 241223,15.09,,-15.09,2979.45,
12/23/24,Posted,ACH,,CANVA PTY LIMITED IAT PAYPAL USDUSD,15,,-15,2994.54,
12/23/24,Posted,ACH,,VENMO PAYMENT 241222,50,,-50,3009.54,
12/23/24,Posted,ACH,,WF CREDIT CARD AUTO PAY 241222,25,,-25,3059.54,
12/23/24,Posted,ACH,,CITI CARD ONLINE PAYMENT 241220,369.4,,-369.4,3084.54,
12/23/24,Posted,ACH,,CAPITAL ONE TRANSFER,200,,-200,3453.94,
12/23/24,Posted,ACH,,SHELL AUTO PYMT 241222,149.65,,-149.65,3653.94,
12/23/24,Posted,ACH,,PAYPAL INST XFER 241220,91.23,,-91.23,3803.59,
12/23/24,Posted,VISA,,AMAZON MKTPL*ZE9EE60G2 Amzn.com/bill,83.37,,-83.37,3894.82,
12/23/24,Posted,ACH,,AMEX EPAYMENT RETRY PYMT 241218~ Tran: A,1425.15,,-1425.15,3978.19,
12/22/24,Posted,VISA,,SXM*SIRIUSXM.COM/ACCT 888-635-5144,23.05,,-23.05,5403.34,
12/21/24,Posted,VISA,,SHELL OIL ...971000 GILBERT,12.24,,-12.24,5426.39,
12/21/24,Posted,VISA,,APPLE.COM/BILL 866-712-7753,3.24,,-3.24,5438.63,
12/21/24,Posted,VISA,,AMAZON MKTPL*Z94FE2FS1 Amzn.com/bill,291.27,,-291.27,5441.87,
12/21/24,Posted,VISA,,APPLE.COM/BILL 866-712-7753,1.07,,-1.07,5733.14,
12/21/24,Posted,VISA,,ARIZONA ARSENAL SC HTTPSWWW.AZAR,361.42,,-361.42,5734.21,
12/20/24,Posted,VISA,,SQ *ATZIN AND ATZIN Phoenix,7.75,,-7.75,6095.63,
12/20/24,Posted,VISA,,SQ *KRAZY TATERS & NUTS Queen Creek,16.25,,-16.25,6103.38,
12/20/24,Posted,VISA,,SQ *SCHNEPF FARMS Queen Creek,11.4,,-11.4,6119.63,
12/20/24,Posted,VISA,,SQ *RCR HOLIDAY PRODUCT Queen Creek,24,,-24,6131.03,
12/20/24,Posted,VISA,,SQ *RCR HOLIDAY PRODUCT Queen Creek,9,,-9,6155.03,
12/20/24,Posted,VISA,,SQ *ATZIN AND ATZIN Phoenix,9.75,,-9.75,6164.03,
12/20/24,Posted,TRANSFER,,Funds Transfer to Brokerage ...209,100,,-100,6173.78,
12/20/24,Posted,ACH,,IRS USATAXPYMT 122024,29.35,,-29.35,6273.78,
12/20/24,Posted,ACH,,"OPTUM SERVICES, PAYROLL 241214~ Tran: AC",,5197.78,5197.78,6303.13,
12/19/24,Posted,DEBIT,,ZELLE TO GLEN  MULDER,100,,-100,1105.35,
12/19/24,Posted,VISA,,Netflix.com NETFLIX.COM LOS GATOS,24.78,,-24.78,1205.35,
12/19/24,Posted,VISA,,APPLE.COM/BILL 866-712-7753,10.82,,-10.82,1230.13,
12/18/24,Posted,TRANSFER,,Funds Transfer from Brokerage ...209,,299.77,299.77,1240.95,
12/18/24,Posted,VISA,,APPLE.COM/BILL 866-712-7753,10.82,,-10.82,941.18,
12/18/24,Posted,ACH,,SALLIE MAE BANK AUTOPAY 241217,25,,-25,952,
12/18/24,Posted,ACH,,AMEX EPAYMENT ACH PMT 241218,93.66,,-93.66,977,
12/18/24,Posted,ACH,,COX COMM PHX BANK DRAFT 121724,64.99,,-64.99,1070.66,
12/18/24,Posted,ACH,,PAYPAL INST XFER 241217,36.99,,-36.99,1135.65,
12/18/24,Posted,VISA,,GROVE CITY COLLEGE 800-3398131,7.38,,-7.38,1172.64,
12/18/24,Posted,VISA,,GROVE CITY COLLEGE 800-3398131,250,,-250,1180.02,
12/17/24,Posted,ACH,,SRP SUREPAY-S1 241217,191.81,,-191.81,1430.02,
12/17/24,Posted,ACH,,PAYPAL INST XFER 241216,21.55,,-21.55,1621.83,
12/17/24,Posted,VISA,,D J*WSJ 800-568-7625,21.12,,-21.12,1643.38,
12/17/24,Posted,ACH,,USAA.COM PAYMNT LOAN 241216,305.33,,-305.33,1664.5,
12/16/24,Posted,VISA,,PARAMOUNT+ 888-274-5343,6.46,,-6.46,1969.83,
12/16/24,Posted,VISA,,COBBLESTONE AUTO SPA - GILBERT,148,,-148,1976.29,
12/16/24,Posted,ACH,,AMERIPRISE FINC AUTH PMT ~ Tran: ACHDW,99.47,,-99.47,2124.29,
12/15/24,Posted,VISA,,SXM*SIRIUSXM.COM/ACCT 888-635-5144,9.99,,-9.99,2223.76,
12/15/24,Posted,VISA,,TAPNPAY TOLL PAYMENT WWW.TAPNPAY.I,6.82,,-6.82,2233.75,
12/15/24,Posted,VISA,,6332 Great Clips at Fal MESA,23,,-23,2240.57,
12/14/24,Posted,VISA,,COBBLESTONE AUTO SPA - GILBERT,8.03,,-8.03,2263.57,
12/14/24,Posted,VISA,,APPLE.COM/BILL 866-712-7753,9.71,,-9.71,2271.6,
12/14/24,Posted,VISA,,BACKYARD TACO - UNIVERS MESA,24.3,,-24.3,2281.31,
12/13/24,Posted,VISA,,Prime Video Channels amzn.com/bill,6.49,,-6.49,2305.61,
12/13/24,Posted,ACH,,AMERIPRISE FINC AUTH PMT ~ Tran: ACHDW,29.68,,-29.68,2312.1,
12/12/24,Posted,ACH,,FID BKG SVC LLC MONEYLINE 241212,,1026.75,1026.75,2341.78,
12/12/24,Posted,VISA,,APPLE.COM/BILL 866-712-7753,2.05,,-2.05,1315.03,
12/11/24,Posted,ACH,,SALLIE MAE BANK AUTOPAY 241210,164.39,,-164.39,1317.08,
12/11/24,Posted,ACH,,SALLIE MAE BANK AUTOPAY 241210,25,,-25,1481.47,
12/11/24,Posted,ACH,,SALLIE MAE BANK AUTOPAY 241210,25,,-25,1506.47,
12/10/24,Posted,ACH,,CHASE CREDIT CRD AUTOPAY 241209,147,,-147,1531.47,
12/10/24,Posted,ACH,,UNITEDWHOLESALE 1 TIME DFT 120624,5000.82,,-5000.82,1678.47,
12/10/24,Posted,ACH,,JPMORGAN CHASE EXT TRNSFR 241210,500,,-500,6679.29,
12/10/24,Posted,ACH,,USAA CREDIT CARD PAYMENT 241206,341,,-341,7179.29,
12/10/24,Posted,ACH,,CITY OF MESA CHECKPYMT 241209~ Tran: ACH,138.31,,-138.31,7520.29,
12/10/24,Posted,ACH,,MOHELA MOHELA DBT 807929~ Tran: ACHDW,146.23,,-146.23,7658.6,
12/9/24,Posted,VISA,,...SOFT#G070108171 MSBILL.INFO,19.73,,-19.73,7804.83,
12/9/24,Posted,ACH,,CAPITAL ONE TRANSFER,200,,-200,7824.56,
12/9/24,Posted,ACH,,CITI AUTOPAY PAYMENT 241206,41,,-41,8024.56,
12/9/24,Posted,ACH,,PAYPAL INST XFER 241206,10,,-10,8065.56,
12/9/24,Posted,VISA,,Microsoft*Xbox Game Pas 425-6816830,9.99,,-9.99,8075.56,
12/8/24,Posted,VISA,,GOOGLE *YouTubePremium g.co/helppay#,15.15,,-15.15,8085.55,
12/7/24,Posted,VISA,,REFORMED FORUM 224-8751101,41.5,,-41.5,8100.7,
12/6/24,Posted,TRANSFER,,Funds Transfer to Brokerage ...209,100,,-100,8142.2,
12/6/24,Posted,VISA,,CURIOSITYSTREAM HTTPSWWW.CURI,43.11,,-43.11,8242.2,
12/6/24,Posted,ACH,,GREATHEARTS PAYROLL ~ Tran: ACHDD,,1246.73,1246.73,8285.31,
12/6/24,Posted,ACH,,"OPTUM SERVICES, PAYROLL 241130~ Tran: AC",,5591.89,5591.89,7038.58,
12/5/24,Posted,CHECK,114,Check Paid #114,500,,-500,1446.69,
12/5/24,Posted,CHECK,113,Check Paid #113,500,,-500,1946.69,
12/5/24,Posted,VISA,,TAPNPAY TOLL PAYMENT WWW.TAPNPAY.I,3.92,,-3.92,2446.69,
12/5/24,Posted,ACH,,PAYPAL INST XFER 241204,139,,-139,2450.61,
12/5/24,Posted,VISA,,APPLE.COM/BILL 866-712-7753,12.97,,-12.97,2589.61,
12/5/24,Posted,VISA,,APPLE.COM/BILL 866-712-7753,4.32,,-4.32,2602.58,
12/4/24,Posted,VISA,,PEARL POOL SERVICE LLC pearlpool2232,97.5,,-97.5,2606.9,
12/4/24,Posted,VISA,,BSN SPORTS LLC 800-227-7404,41.24,,-41.24,2704.4,
12/3/24,Posted,VISA,,Kindle Unltd*ZL26G2NW1 888-802-3080,12.99,,-12.99,2745.64,
12/2/24,Posted,ACH,,FID BKG SVC LLC MONEYLINE 241202,100,,-100,2758.63,
12/2/24,Posted,ACH,,PAYPAL INST XFER 241130,45,,-45,2858.63,
12/2/24,Posted,ACH,,VERIZON WIRELESS PAYMENTS 241129~ Tran:,459.52,,-459.52,2903.63,
11/30/24,Posted,VISA,,TAPNPAY TOLL PAYMENT WWW.TAPNPAY.I,5.63,,-5.63,3363.15,
11/29/24,Posted,INTADJUST,,Interest Paid,,0.38,0.38,3368.78,
11/29/24,Posted,ATMREBATE,,ATM Fee Rebate,,7.5,7.5,3368.4,
11/29/24,Posted,VISA,,SQ *SURF CUP SPORTS PAY Del Mar,50,,-50,3360.9,
11/29/24,Posted,ACH,,PAYPAL INST XFER 241128,10.4,,-10.4,3410.9,
11/29/24,Posted,ACH,,PAYPAL INST XFER 241128,95.29,,-95.29,3421.3,
11/29/24,Posted,ACH,,PAYPAL INST XFER 241127,8.44,,-8.44,3516.59,
11/28/24,Posted,VISA,,AZ MVD FEE 602-255-0072,194.89,,-194.89,3525.03,
11/28/24,Posted,VISA,,NOE IMPORT AUTO MESA,329.62,,-329.62,3719.92,
11/26/24,Posted,ACH,,GLOBAL CREDIT UN PAYMENT,489.79,,-489.79,4049.54,
11/25/24,Posted,VISA,,TAPNPAY TOLL PAYMENT WWW.TAPNPAY.I,3.92,,-3.92,4539.33,
11/25/24,Posted,ACH,,DIET DOCTOR SWEDEN AB IAT PAYPAL USDUSD,14.99,,-14.99,4543.25,
11/25/24,Posted,ACH,,PAYPAL INST XFER 241123,15.09,,-15.09,4558.24,
11/25/24,Posted,ACH,,SHELL AUTO PYMT 241122,363.95,,-363.95,4573.33,
11/25/24,Posted,ACH,,CAPITAL ONE TRANSFER,200,,-200,4937.28,
11/25/24,Posted,ACH,,WF CREDIT CARD AUTO PAY 241122,25,,-25,5137.28,
11/25/24,Posted,VISA,,OPALSTACK WEB HOSTING OPALSTACK.COM,11.5,,-11.5,5162.28,
11/25/24,Posted,ACH,,CANVA PTY LIMITED IAT PAYPAL USDUSD~ Tra,15,,-15,5173.78,
11/24/24,Posted,VISA,,TAPNPAY TOLL PAYMENT WWW.TAPNPAY.I,2.21,,-2.21,5188.78,
11/23/24,Posted,VISA,,APPLE.COM/BILL 866-712-7753,11.9,,-11.9,5190.99,
11/22/24,Posted,VISA,,SXM*SIRIUSXM.COM/ACCT 888-635-5144,23.05,,-23.05,5202.89,
11/22/24,Posted,TRANSFER,,Funds Transfer to Brokerage ...209,100,,-100,5225.94,
11/22/24,Posted,VISA,,APPLE.COM/BILL 866-712-7753,3.24,,-3.24,5325.94,
11/22/24,Posted,ACH,,"OPTUM SERVICES, PAYROLL 241116~ Tran: AC",,5264.07,5264.07,5329.18,
11/21/24,Posted,VISA,,APPLE.COM/BILL 866-712-7753,1.07,,-1.07,65.11,
11/21/24,Posted,VISA,,APPLE.COM/BILL 866-712-7753,1.07,,-1.07,66.18,
11/20/24,Posted,VISA,,Prime Video Channels amzn.com/bill,18.4,,-18.4,67.25,
11/19/24,Posted,VISA,,Netflix.com NETFLIX.COM LOS GATOS,24.78,,-24.78,85.65,
11/19/24,Posted,VISA,,D J*WSJ 800-568-7625,21.12,,-21.12,110.43,
11/19/24,Posted,VISA,,APPLE.COM/BILL 866-712-7753,10.82,,-10.82,131.55,
11/18/24,Posted,VISA,,APPLE.COM/BILL 866-712-7753,10.82,,-10.82,142.37,
11/18/24,Posted,ACH,,COX COMM PHX BANK DRAFT 111724,64.99,,-64.99,153.19,
11/18/24,Posted,ACH,,PAYPAL INST XFER 241116,21.55,,-21.55,218.18,
11/18/24,Posted,ACH,,AMEX EPAYMENT ACH PMT 241118,77.26,,-77.26,239.73,
11/16/24,Posted,VISA,,PARAMOUNT+ 888-274-5343,6.46,,-6.46,316.99,
11/15/24,Posted,ACH,,SRP SUREPAY-S1 241115,398.82,,-398.82,323.45,
11/15/24,Posted,VISA,,SXM*SIRIUSXM.COM/ACCT 888-635-5144,9.99,,-9.99,722.27,
11/15/24,Posted,ACH,,PAYPAL INST XFER 241114,45,,-45,732.26,
11/15/24,Posted,ACH,,AMEX EPAYMENT RETRY PYMT 241112~ Tran: A,4128.39,,-4128.39,777.26,
11/15/24,Posted,ACH,,AMERIPRISE FINC AUTH PMT ~ Tran: ACHDW,99.47,,-99.47,4905.65,
11/14/24,Posted,VISA,,APPLE.COM/BILL 866-712-7753,10.8,,-10.8,5005.12,
11/14/24,Posted,TRANSFER,,Funds Transfer from Brokerage ...209,,600,600,5015.92,
11/14/24,Posted,ACH,,CAPITAL ONE TRANSFER,,500,500,4415.92,
11/13/24,Posted,ACH,,AMERIPRISE FINC AUTH PMT ~ Tran: ACHDW,29.68,,-29.68,3915.92,
11/13/24,Posted,VISA,,Prime Video Channels amzn.com/bill,6.49,,-6.49,3945.6,
11/12/24,Posted,TRANSFER,,Funds Transfer from Brokerage ...209,,388.65,388.65,3952.09,
11/12/24,Posted,ACH,,USAA CREDIT CARD PAYMENT 241107,437,,-437,3563.44,
11/12/24,Posted,ACH,,USAA.COM PAYMNT LOAN 241108,305.33,,-305.33,4000.44,
11/12/24,Posted,ACH,,CAPITAL ONE TRANSFER,200,,-200,4305.77,
11/12/24,Posted,ACH,,SALLIE MAE BANK AUTOPAY 241110,165.92,,-165.92,4505.77,
11/12/24,Posted,ACH,,CHASE CREDIT CRD AUTOPAY 241108,121,,-121,4671.69,
11/12/24,Posted,ACH,,CITI AUTOPAY PAYMENT 241108,41,,-41,4792.69,
11/12/24,Posted,ACH,,SALLIE MAE BANK AUTOPAY 241110,25,,-25,4833.69,
11/12/24,Posted,ACH,,SALLIE MAE BANK AUTOPAY 241110,25,,-25,4858.69,
11/12/24,Posted,ACH,,MOHELA MOHELA DBT 807929~ Tran: ACHDW,146.23,,-146.23,4883.69,
11/11/24,Posted,VISA,,APPLE COM ONE APPLE PAR ONE APPLE PAR,19.47,,-19.47,5029.92,
11/9/24,Posted,VISA,,...SOFT#G066151330 MSBILL.INFO,19.7,,-19.7,5049.39,
11/9/24,Posted,VISA,,Microsoft Corporation E REDMOND,9.99,,-9.99,5069.09,
11/8/24,Posted,VISA,,TAPNPAY TOLL PAYMENT WWW.TAPNPAY.I,11.66,,-11.66,5079.08,
11/8/24,Posted,TRANSFER,,Funds Transfer to Brokerage ...209,100,,-100,5090.74,
11/8/24,Posted,ACH,,CITY OF MESA CHECKPYMT 241107~ Tran: ACH,221.48,,-221.48,5190.74,
11/8/24,Posted,ACH,,"OPTUM SERVICES, PAYROLL 241102~ Tran: AC",,5264.09,5264.09,5412.22,
11/8/24,Posted,VISA,,GOOGLE *YouTubePremium g.co/helppay#,15.15,,-15.15,148.13,
11/7/24,Posted,ACH,,PAYPAL INST XFER 241106,10,,-10,163.28,
11/7/24,Posted,VISA,,REFORMED FORUM 224-8751101,41.5,,-41.5,173.28,
11/6/24,Posted,ACH,,UNITEDWHOLESALE 1 TIME DFT 110424,5000.82,,-5000.82,214.78,
11/5/24,Posted,CHECK,112,Check Paid #112,200,,-200,5215.6,
11/5/24,Posted,VISA,,TAPNPAY TOLL PAYMENT WWW.TAPNPAY.I,21.32,,-21.32,5415.6,
11/4/24,Posted,VISA,,PEARL POOL SERVICE LLC pearlpool2232,130,,-130,5436.92,
11/3/24,Posted,VISA,,RAISING CANES 0564 GLENDALE,24.11,,-24.11,5566.92,
11/3/24,Posted,VISA,,Kindle Unltd*N64053M53 888-802-3080,12.99,,-12.99,5591.03,
11/3/24,Posted,VISA,,ARBYS 6947 MESA,10.05,,-10.05,5604.02,
11/3/24,Posted,VISA,,Swig Mesa Mesa,15,,-15,5614.07,
11/2/24,Posted,ATM,,BANK OF AMERICA *SCOTTS SCOTTSDALE,24,,-24,5629.07,
11/2/24,Posted,ATM,,CHASE 2020 E MCKELLIPS MESA,23.5,,-23.5,5653.07,
11/1/24,Posted,VISA,,APPLE COM ONE APPLE PAR CUPERTINO,4.32,,-4.32,5676.57,
11/1/24,Posted,VISA,,NSFC AZ* NSFC AZ Jenn@nsfcaz.c,309.14,,-309.14,5680.89,
11/1/24,Posted,ACH,,FID BKG SVC LLC MONEYLINE 241101,100,,-100,5990.03,
10/31/24,Posted,INTADJUST,,Interest Paid,,0.68,0.68,6090.03,
10/31/24,Posted,ACH,,SALLIE MAE BANK SLMLOANPMT 241030 SLM LO,50,,-50,6089.35,
10/30/24,Posted,ACH,,VERIZON WIRELESS PAYMENTS 241029~ Tran:,434.22,,-434.22,6139.35,
10/29/24,Posted,VISA,,"POCKETGUARD, INC. HTTPSSECURE.P",74.99,,-74.99,6573.57,
10/29/24,Posted,ACH,,PAYPAL INST XFER 241028,10.4,,-10.4,6648.56,
10/29/24,Posted,ACH,,PAYPAL INST XFER 241028~ Tran: ACHDW,95.29,,-95.29,6658.96,
10/29/24,Posted,VISA,,IN-N-OUTTUCSON-I10/AJO TUCSON,22.56,,-22.56,6754.25,
10/28/24,Posted,CHECK,111,Check Paid #111,468.84,,-468.84,6776.81,
10/28/24,Posted,ACH,,PAYPAL INST XFER 241027,8.44,,-8.44,7245.65,
10/28/24,Posted,ACH,,GLOBAL CREDIT UN PAYMENT,489.79,,-489.79,7254.09,
10/28/24,Posted,ACH,,CAPITAL ONE TRANSFER,200,,-200,7743.88,
10/27/24,Posted,VISA,,Wal-Mart Super Center 5 MESA,19.25,,-19.25,7943.88,
10/25/24,Posted,TRANSFER,,Funds Transfer to Brokerage ...209,100,,-100,7963.13,
10/25/24,Posted,VISA,,OPALSTACK WEB HOSTING HTTPSOPALSTAC,11.5,,-11.5,8063.13,
10/25/24,Posted,ACH,,"OPTUM SERVICES, PAYROLL 241019~ Tran: AC",,5227.8,5227.8,8074.63,
10/24/24,Posted,ACH,,DIET DOCTOR SWEDEN AB IAT PAYPAL USDUSD,14.99,,-14.99,2846.83,
10/24/24,Posted,ACH,,PAYPAL INST XFER 241023,15.09,,-15.09,2861.82,
10/23/24,Posted,ACH,,WF CREDIT CARD AUTO PAY 241022,25,,-25,2876.91,
10/23/24,Posted,ACH,,SHELL AUTO PYMT 241022,457.65,,-457.65,2901.91,
10/23/24,Posted,ACH,,CANVA PTY LIMITED IAT PAYPAL USDUSD~ Tra,15,,-15,3359.56,
10/22/24,Posted,VISA,,SXM*SIRIUSXM.COM/ACCT 888-635-5144,23.05,,-23.05,3374.56,
10/22/24,Posted,VISA,,APPLE COM ONE APPLE PAR CUPERTINO,11.9,,-11.9,3397.61,
10/22/24,Posted,VISA,,LITTLE CAESAR'S 3671-00 MESA,24.34,,-24.34,3409.51,
10/22/24,Posted,VISA,,D J*WSJ 800-568-7625,21.12,,-21.12,3433.85,
10/21/24,Posted,VISA,,TAPNPAY TOLL PAYMENT WWW.TAPNPAY.I,2.21,,-2.21,3454.97,
10/21/24,Posted,VISA,,APPLE COM ONE APPLE PAR CUPERTINO,3.24,,-3.24,3457.18,
10/21/24,Posted,ACH,,COX COMM PHX BANK DRAFT 101824~ Tran: AC,64.99,,-64.99,3460.42,
10/20/24,Posted,VISA,,APPLE COM ONE APPLE PAR CUPERTINO,1.07,,-1.07,3525.41,
10/20/24,Posted,VISA,,Prime Video Channels amzn.com/bill,18.4,,-18.4,3526.48,
10/19/24,Posted,VISA,,APPLE.COM/BILL 866-712-7753,10.82,,-10.82,3544.88,
10/19/24,Posted,VISA,,Netflix.com NETFLIX.COM LOS GATOS,24.78,,-24.78,3555.7,
10/18/24,Posted,VISA,,APPLE.COM/BILL 866-712-7753,10.82,,-10.82,3580.48,
10/18/24,Posted,VISA,,SALAD AND GO #1104 MESA,26,,-26,3591.3,
10/18/24,Posted,ACH,,AMEX EPAYMENT ACH PMT 241018,61.94,,-61.94,3617.3,
10/17/24,Posted,ACH,,PAYPAL INST XFER 241016,19.82,,-19.82,3679.24,
10/16/24,Posted,VISA,,PARAMOUNT+ 888-274-5343,6.46,,-6.46,3699.06,
10/16/24,Posted,VISA,,SXM*SIRIUSXM.COM/ACCT 888-635-5144,9.99,,-9.99,3705.52,
10/15/24,Posted,VISA,,TAPNPAY TOLL PAYMENT WWW.TAPNPAY.I,2.21,,-2.21,3715.51,
10/15/24,Posted,VISA,,ARIZONA ARSENAL SC HTTPSWWW.AZAR,180.87,,-180.87,3717.72,
10/15/24,Posted,ACH,,CAPITAL ONE TRANSFER,200,,-200,3898.59,
10/15/24,Posted,ACH,,AMERIPRISE FINC AUTH PMT ~ Tran: ACHDW,123.74,,-123.74,4098.59,
10/14/24,Posted,VISA,,APPLE COM ONE APPLE PAR CUPERTINO,3.24,,-3.24,4222.33,
10/13/24,Posted,VISA,,A MEDIUM CORPORATION 415-508-5008,50,,-50,4225.57,
10/13/24,Posted,VISA,,Prime Video Channels amzn.com/bill,6.49,,-6.49,4275.57,
10/11/24,Posted,ACH,,SALLIE MAE BANK AUTOPAY 241010,170.53,,-170.53,4282.06,
10/11/24,Posted,ACH,,SALLIE MAE BANK AUTOPAY 241010,25,,-25,4452.59,
10/11/24,Posted,ACH,,SALLIE MAE BANK AUTOPAY 241010,25,,-25,4477.59,
10/11/24,Posted,TRANSFER,,Funds Transfer to Brokerage ...209,100,,-100,4502.59,
10/11/24,Posted,ACH,,AMEX EPAYMENT ACH PMT 241011,961.29,,-961.29,4602.59,
10/11/24,Posted,ACH,,CITY OF MESA CHECKPYMT 241010~ Tran: ACH,228.54,,-228.54,5563.88,
10/11/24,Posted,ACH,,"OPTUM SERVICES, DIR DEP 241005~ Tran: AC",,5148.41,5148.41,5792.42,
10/10/24,Posted,ACH,,CHASE CREDIT CRD AUTOPAY 241009,82,,-82,644.01,
10/10/24,Posted,VISA,,APPLE.COM/BILL 866-712-7753,5.4,,-5.4,726.01,
10/10/24,Posted,ACH,,NAVIENT NAVI DEBIT 807929,146.23,,-146.23,731.41,
10/9/24,Posted,VISA,,TAPNPAY TOLL PAYMENT WWW.TAPNPAY.I,8.84,,-8.84,877.64,
10/9/24,Posted,VISA,,...SOFT#G062270790 MSBILL.INFO,19.73,,-19.73,886.48,
10/9/24,Posted,ACH,,USAA CREDIT CARD PAYMENT 241007,283,,-283,906.21,
10/9/24,Posted,ACH,,CITI AUTOPAY PAYMENT 241008,41,,-41,1189.21,
10/9/24,Posted,VISA,,MICROSOFT*XBOX GAME PAS MSBILL.INFO,9.99,,-9.99,1230.21,
10/8/24,Posted,VISA,,GOOGLE *YouTubePremium g.co/helppay#,15.15,,-15.15,1240.2,
10/7/24,Posted,VISA,,REFORMED FORUM 224-8751101,41.5,,-41.5,1255.35,
10/7/24,Posted,VISA,,IL TOLLWAY-AUTOREPLENIS 800-824-7277,20,,-20,1296.85,
10/7/24,Posted,ACH,,CITI CARD ONLINE PAYMENT 241006,135.74,,-135.74,1316.85,
10/7/24,Posted,ACH,,PAYPAL INST XFER 241006,10,,-10,1452.59,
10/5/24,Posted,VISA,,APPLE.COM/BILL 866-712-7753,5.4,,-5.4,1462.59,
10/4/24,Posted,VISA,,OPALSTACK WEB HOSTING HTTPSOPALSTAC,11.5,,-11.5,1467.99,
10/4/24,Posted,VISA,,SALAD AND GO #1142 GILBERT,18.39,,-18.39,1479.49,
10/4/24,Posted,ACH,,UNITEDWHOLESALE 1 TIME DFT 100224,5000.82,,-5000.82,1497.88,
10/3/24,Posted,VISA,,Kindle Unltd*A26CS2FR3 888-802-3080,12.99,,-12.99,6498.7,
10/3/24,Posted,ACH,,CAPITAL ONE TRANSFER,,1000,1000,6511.69,
10/2/24,Posted,VISA,,APPLE COM ONE APPLE PAR CUPERTINO,4.32,,-4.32,5511.69,
10/2/24,Posted,TRANSFER,,Funds Transfer from Brokerage ...209,,1200,1200,5516.01,
10/2/24,Posted,ACH,,CAPITAL ONE TRANSFER,,1500,1500,4316.01,
10/2/24,Posted,VISA,,PEARL POOL SERVICE LLC pearlpool2232,150.25,,-150.25,2816.01,
10/1/24,Posted,VISA,,NSFC AZ* NSFC AZ jenn@nsfcaz.c,309.14,,-309.14,2966.26,
10/1/24,Posted,ACH,,FID BKG SVC LLC MONEYLINE 241001,100,,-100,3275.4,
10/1/24,Posted,ACH,,VERIZON WIRELESS PAYMENTS 240930~ Tran:,434.07,,-434.07,3375.4,
9/30/24,Posted,INTADJUST,,Interest Paid,,0.75,0.75,3809.47,
9/30/24,Posted,ACH,,SRP ECHXPWR-ND 240927,1053.84,,-1053.84,3808.72,
9/30/24,Posted,ACH,,CAPITAL ONE TRANSFER,200,,-200,4862.56,
9/30/24,Posted,ACH,,PAYPAL INST XFER 240928,88.8,,-88.8,5062.56,
9/30/24,Posted,ACH,,PAYPAL INST XFER 240928,10.4,,-10.4,5151.36,
9/30/24,Posted,ACH,,PAYPAL INST XFER 240927,8.44,,-8.44,5161.76,
9/27/24,Posted,VISA,,WALGREENS STORE 1159 E MESA,12.67,,-12.67,5170.2,
9/27/24,Posted,TRANSFER,,Funds Transfer to Brokerage ...209,100,,-100,5182.87,
9/27/24,Posted,ACH,,"OPTUM SERVICES, DIR DEP 240921~ Tran: AC",,4774.35,4774.35,5282.87,
9/26/24,Posted,ACH,,GLOBAL CREDIT UN PAYMENT,489.79,,-489.79,508.52,
9/25/24,Posted,ACH,,CAPITAL ONE TRANSFER,,1000,1000,998.31,
9/24/24,Posted,TRANSFER,,"Overdraft Transfer from Brokerage -1209,",,7.14,7.14,-1.69,
9/24/24,Posted,ACH,,"SHELL AUTO PYMT 240922,Effective  09/23/",412.66,,-412.66,-8.83,
9/24/24,Posted,CHECK,110,Check Paid #110,45,,-45,403.83,
9/24/24,Posted,TRANSFER,,Transfer from Schwab Bank Investor Savin,,400,400,448.83,
9/24/24,Posted,VISA,,D J*WSJ 800-568-7625,21.12,,-21.12,48.83,
9/24/24,Posted,ACH,,DIET DOCTOR SWEDEN AB IAT PAYPAL USDUSD,14.99,,-14.99,69.95,
9/24/24,Posted,ACH,,PAYPAL INST XFER 240923,15.09,,-15.09,84.94,
9/24/24,Posted,VISA,,TAPNPAY TOLL PAYMENT WWW.TAPNPAY.I,2.21,,-2.21,100.03,
9/23/24,Posted,ACH,,CANVA PTY LIMITED IAT PAYPAL USDUSD,15,,-15,102.24,
9/23/24,Posted,ACH,,WF CREDIT CARD AUTO PAY 240922,25,,-25,117.24,
9/22/24,Posted,VISA,,SXM*SIRIUSXM.COM/ACCT 888-635-5144,23.05,,-23.05,142.24,
9/22/24,Posted,VISA,,APPLE.COM/BILL 866-712-7753,1.07,,-1.07,165.29,
9/21/24,Posted,VISA,,APPLE COM ONE APPLE PAR CUPERTINO,3.24,,-3.24,166.36,
9/20/24,Posted,VISA,,Prime Video Channels amzn.com/bill,18.4,,-18.4,169.6,
9/19/24,Posted,VISA,,Netflix.com NETFLIX.COM LOS GATOS,24.78,,-24.78,188,
9/19/24,Posted,VISA,,APPLE.COM/BILL 866-712-7753,10.82,,-10.82,212.78,
9/18/24,Posted,VISA,,TAPNPAY TOLL PAYMENT WWW.TAPNPAY.I,3.92,,-3.92,223.6,
9/18/24,Posted,ACH,,"KOHL'S CHG PYMT 240916,Effective  09/17/",29,,-29,227.52,
9/18/24,Posted,ACH,,"PAYPAL INST XFER 240916,Effective  09/17",21.55,,-21.55,256.52,
9/18/24,Posted,VISA,,APPLE COM ONE APPLE PAR CUPERTINO,10.82,,-10.82,278.07,
9/18/24,Posted,ACH,,COX COMM PHX BANK DRAFT 091724,64.99,,-64.99,288.89,
9/18/24,Posted,ACH,,AMEX EPAYMENT ACH PMT 240918,46.12,,-46.12,353.88,
9/17/24,Posted,TRANSFER,,Transfer from Schwab Bank Investor Savin,,400,400,400,
9/17/24,Posted,TRANSFER,,Overdraft Transfer from Brokerage ...209,,29,29,0,
9/17/24,Posted,ACH,,MACYS ONLINE PMT 240916,29,,-29,-29,
9/16/24,Posted,VISA,,PARAMOUNT+ 888-274-5343,6.46,,-6.46,0,
9/16/24,Posted,TRANSFER,,Overdraft Transfer from Brokerage ...209,,200,200,6.46,
9/16/24,Posted,ACH,,CAPITAL ONE TRANSFER,200,,-200,-193.54,
9/16/24,Posted,TRANSFER,,Overdraft Transfer from Brokerage ...209,,44.47,44.47,6.46,
9/16/24,Posted,ACH,,AMERIPRISE FINC AUTH PMT ~ Tran: ACHDW,94.06,,-94.06,-38.01,
9/15/24,Posted,VISA,,FRYS-MKTPLACE #622 1935 MESA,30.9,,-30.9,56.05,
9/15/24,Posted,VISA,,...123 TORCHYS TATUM & SHE PHOENIX,21.01,,-21.01,86.95,
9/15/24,Posted,VISA,,SXM*SIRIUSXM.COM/ACCT 888-635-5144,9.99,,-9.99,107.96,
9/14/24,Posted,VISA,,APPLE.COM/BILL 866-712-7753,3.24,,-3.24,117.95,
9/14/24,Posted,VISA,,CAFE ZUPAS - DESERTRIDG PHOENIX,23.08,,-23.08,121.19,
9/14/24,Posted,VISA,,BAJA FRESH 30706 CHANDLER,14.81,,-14.81,144.27,
9/14/24,Posted,VISA,,ARETE PREP 480-2224233,325,,-325,159.08,
9/14/24,Posted,VISA,,NOE IMPORT AUTO MESA,341.87,,-341.87,484.08,
9/13/24,Posted,VISA,,SALAD AND GO #1107 MESA,17.31,,-17.31,825.95,
9/13/24,Posted,TRANSFER,,Funds Transfer to Brokerage ...209,100,,-100,843.26,
9/13/24,Posted,ACH,,AMEX EPAYMENT ACH PMT 240913,4000.64,,-4000.64,943.26,
9/13/24,Posted,ACH,,USAA.COM PAYMNT LOAN 240912,305.33,,-305.33,4943.9,
9/13/24,Posted,VISA,,Prime Video Channels amzn.com/bill,5.4,,-5.4,5249.23,
9/13/24,Posted,ACH,,AMERIPRISE FINC AUTH PMT ~ Tran: ACHDW,29.68,,-29.68,5254.63,
9/13/24,Posted,ACH,,"OPTUM SERVICES, DIR DEP 240907~ Tran: AC",,4774.36,4774.36,5284.31,
9/12/24,Posted,VISA,,CIRCLE K 03419 GILBERT,11.12,,-11.12,509.95,
9/11/24,Posted,ACH,,SALLIE MAE BANK AUTOPAY 240910,172.07,,-172.07,521.07,
9/11/24,Posted,ACH,,SALLIE MAE BANK AUTOPAY 240910,25,,-25,693.14,
9/11/24,Posted,ACH,,SALLIE MAE BANK AUTOPAY 240910,25,,-25,718.14,
9/11/24,Posted,ACH,,CITY OF MESA CHECKPYMT 240910~ Tran: ACH,273.32,,-273.32,743.14,
9/10/24,Posted,VISA,,UHG OPTUM CAFE EDEN PRAIRIE,11.36,,-11.36,1016.46,
9/10/24,Posted,ACH,,CHASE CREDIT CRD AUTOPAY 240909,46,,-46,1027.82,
9/10/24,Posted,ACH,,USAA CREDIT CARD PAYMENT 240906,329,,-329,1073.82,
9/10/24,Posted,ACH,,NAVIENT NAVI DEBIT 807929,146.23,,-146.23,1402.82,
9/9/24,Posted,VISA,,IL TOLLWAY-AUTOREPLENIS 800-824-7277,20,,-20,1549.05,
9/9/24,Posted,ACH,,UNITEDWHOLESALE 1 TIME DFT 090524,5000.82,,-5000.82,1569.05,
9/9/24,Posted,ACH,,CITI AUTOPAY PAYMENT 240906,41,,-41,6569.87,
9/9/24,Posted,ACH,,PAYPAL INST XFER 240906,10,,-10,6610.87,
9/9/24,Posted,VISA,,MICROSOFT*XBOX GAME PAS MSBILL.INFO,9.99,,-9.99,6620.87,
9/9/24,Posted,VISA,,...SOFT#G058811792 MSBILL.INFO,19.72,,-19.72,6630.86,
9/8/24,Posted,VISA,,SAM'S & STUPE WHEATON,15.55,,-15.55,6650.58,
9/8/24,Posted,VISA,,SAM'S & STUPE WHEATON,17.5,,-17.5,6666.13,
9/8/24,Posted,VISA,,SAM'S & STUPE WHEATON,6.48,,-6.48,6683.63,
9/7/24,Posted,VISA,,GOOGLE *YouTubePremium g.co/helppay#,15.15,,-15.15,6690.11,
9/7/24,Posted,VISA,,PORTILLOS HOT DOGS #2 GLENDALE HEIG,28.85,,-28.85,6705.26,
9/7/24,Posted,VISA,,PILOT 1041 CAROL STREAM,14.59,,-14.59,6734.11,
9/7/24,Posted,VISA,,MCDONALD'S F11629 SANTA ANA,26.71,,-26.71,6748.7,
9/7/24,Posted,VISA,,REFORMED FORUM 224-8751101,41.5,,-41.5,6775.41,
9/6/24,Posted,VISA,,STARBUCKS STORE 62816 INDIO,12,,-12,6816.91,
9/6/24,Posted,ACH,,CAPITAL ONE TRANSFER,,3000,3000,6828.91,
9/5/24,Posted,VISA,,SHELL SERVICE STATION EHRENBERG,12.06,,-12.06,3828.91,
9/5/24,Posted,VISA,,SALAD AND GO #1135 SCOTTSDALE,7.37,,-7.37,3840.97,
9/4/24,Posted,VISA,,TAPNPAY TOLL PAYMENT WWW.TAPNPAY.I,7.34,,-7.34,3848.34,
9/4/24,Posted,VISA,,ARIZONA ARSENAL SC HTTPSWWW.AZAR,180.87,,-180.87,3855.68,
9/3/24,Posted,VISA,,Kindle Unltd*ZT4QS9PI2 888-802-3080,12.99,,-12.99,4036.55,
9/3/24,Posted,VISA,,IN-N-OUT MESA MESA,17.6,,-17.6,4049.54,
9/3/24,Posted,ACH,,CAPITAL ONE TRANSFER,200,,-200,4067.14,
9/3/24,Posted,ACH,,FID BKG SVC LLC MONEYLINE 240903,100,,-100,4267.14,
9/2/24,Posted,TRANSFER,,Transfer to Schwab Bank Investor Savings,200,,-200,4367.14,
9/1/24,Posted,VISA,,APPLE COM ONE APPLE PAR CUPERTINO,4.32,,-4.32,4567.14,
9/1/24,Posted,VISA,,NSFC AZ* NSFC AZ jenn@nsfcaz.c,309.14,,-309.14,4571.46,
9/1/24,Posted,VISA,,FRYS-MKTPLACE #622 1935 MESA,52.98,,-52.98,4880.6,
9/1/24,Posted,VISA,,"SPEEDSMART 117, MESA",38.58,,-38.58,4933.58,
8/30/24,Posted,INTADJUST,,Interest Paid,,0.77,0.77,4972.16,
8/30/24,Posted,VISA,,PEARL POOL SERVICE LLC pearlpool2232,157,,-157,4971.39,
8/30/24,Posted,VISA,,QT 1433 INSIDE MESA,4.33,,-4.33,5128.39,
8/30/24,Posted,VISA,,QT 1433 INSIDE MESA,8.59,,-8.59,5132.72,
8/30/24,Posted,TRANSFER,,Funds Transfer to Brokerage ...209,100,,-100,5141.31,
8/30/24,Posted,ACH,,VERIZON WIRELESS PAYMENTS 240830~ Tran:,433.84,,-433.84,5241.31,
8/30/24,Posted,ACH,,"OPTUM SERVICES, DIR DEP 240824~ Tran: AC",,4774.35,4774.35,5675.15,
8/29/24,Posted,ACH,,PAYPAL INST XFER 240828,10.4,,-10.4,900.8,
8/29/24,Posted,ACH,,PAYPAL INST XFER 240828~ Tran: ACHDW,88.8,,-88.8,911.2,
8/28/24,Posted,TRANSFER,,Funds Transfer from Brokerage ...209,,1000,1000,1000,
8/28/24,Posted,TRANSFER,,Overdraft Transfer from Brokerage ...209,,180.87,180.87,0,
8/28/24,Posted,VISA,,ARIZONA ARSENAL SC HTTPSWWW.AZAR,180.87,,-180.87,-180.87,
8/28/24,Posted,TRANSFER,,Overdraft Transfer from Brokerage ...209,,8.44,8.44,0,
8/28/24,Posted,ACH,,PAYPAL INST XFER 240827,8.44,,-8.44,-8.44,
8/27/24,Posted,VISA,,D J*WSJ 800-568-7625,21.12,,-21.12,0,
8/27/24,Posted,TRANSFER,,Overdraft Transfer from Brokerage ...209,,131.56,131.56,21.12,
8/27/24,Posted,ACH,,GLOBAL CREDIT UN PAYMENT,489.79,,-489.79,-110.44,
8/26/24,Posted,ACH,,PAYPAL INST XFER 240823,14,,-14,379.35,
8/25/24,Posted,VISA,,OPALSTACK WEB HOSTING HTTPSOPALSTAC,11.5,,-11.5,393.35,
8/24/24,Posted,VISA,,SQ *ARETE PREP ACADEMY Gilbert,2,,-2,404.85,
8/23/24,Posted,ACH,,WF CREDIT CARD AUTO PAY 240822,25,,-25,406.85,
8/23/24,Posted,ACH,,SHELL AUTO PYMT 240822,167.47,,-167.47,431.85,
8/22/24,Posted,VISA,,SXM*SIRIUSXM.COM/ACCT 888-635-5144,23.05,,-23.05,599.32,
8/22/24,Posted,VISA,,APPLIANCE CARE  REPA michael@appli,374.39,,-374.39,622.37,
8/21/24,Posted,VISA,,APPLE.COM/BILL 866-712-7753,3.24,,-3.24,996.76,
8/21/24,Posted,TRANSFER,,Funds Transfer from Brokerage ...209,,500,500,1000,
8/21/24,Posted,TRANSFER,,Funds Transfer from Brokerage ...209,,500,500,500,
8/20/24,Posted,TRANSFER,,Overdraft Transfer from Brokerage ...209,,1.07,1.07,0,
8/20/24,Posted,VISA,,APPLE COM ONE APPLE PAR CUPERTINO,1.07,,-1.07,-1.07,
8/20/24,Posted,TRANSFER,,Overdraft Transfer from Brokerage ...209,,45.85,45.85,0,
8/20/24,Posted,CHECK,109,Check Paid #109,400,,-400,-45.85,
8/20/24,Posted,VISA,,ARIZONA ARSENAL SC (80 HTTPSWWW.AZAR,294.55,,-294.55,354.15,
8/20/24,Posted,VISA,,Prime Video Channels amzn.com/bill,18.4,,-18.4,648.7,
8/19/24,Posted,VISA,,APPLE.COM/BILL 866-712-7753,4.32,,-4.32,667.1,
8/19/24,Posted,VISA,,ARETE PREP 480-2224233,305,,-305,671.42,
8/19/24,Posted,VISA,,NETFLIX COM LOS GATOS,24.78,,-24.78,976.42,
8/19/24,Posted,TRANSFER,,Transfer to Schwab Bank Investor Savings,200,,-200,1001.2,
8/19/24,Posted,VISA,,TAPNPAY TOLL PAYMENT WWW.TAPNPAY.I,2.2,,-2.2,1201.2,
8/19/24,Posted,ACH,,CAPITAL ONE TRANSFER,200,,-200,1203.4,
8/19/24,Posted,ACH,,COX COMM PHX BANK DRAFT 081724,64.99,,-64.99,1403.4,
8/19/24,Posted,ACH,,AMEX EPAYMENT ACH PMT 240819,40,,-40,1468.39,
8/19/24,Posted,ACH,,PAYPAL INST XFER 240816,21.55,,-21.55,1508.39,
8/19/24,Posted,VISA,,APPLE.COM/BILL 866-712-7753,10.82,,-10.82,1529.94,
8/18/24,Posted,VISA,,APPLE.COM/BILL 866-712-7753,10.82,,-10.82,1540.76,
8/18/24,Posted,VISA,,6332 Great Clips at Fal MESA,23,,-23,1551.58,
8/17/24,Posted,VISA,,GLOBAL-E* ARSENAL HTTPSWWW.GLOB,146.3,,-146.3,1574.58,
8/16/24,Posted,VISA,,APPLE COM ONE APPLE PAR ONE APPLE PAR,43.31,,-43.31,1720.88,
8/16/24,Posted,VISA,,SCOOTER'S COFFEE #2381 MUNDELEIN,11.1,,-11.1,1764.19,
8/16/24,Posted,VISA,,PARAMOUNT+ 888-274-5343,6.46,,-6.46,1775.29,
8/16/24,Posted,ACH,,AMEX EPAYMENT ACH PMT 240816,3050,,-3050,1781.75,
8/16/24,Posted,TRANSFER,,Funds Transfer to Brokerage ...209,100,,-100,4831.75,
8/16/24,Posted,ACH,,"OPTUM SERVICES, DIR DEP 240810~ Tran: AC",,4774.35,4774.35,4931.75,
8/15/24,Posted,TRANSFER,,Overdraft Transfer from Brokerage ...209,,579.57,579.57,157.4,
8/15/24,Posted,ACH,,SRP SUREPAY-S1 240815,629.22,,-629.22,-422.17,
8/15/24,Posted,VISA,,SQ *VIATOR COFFEE CO. Elgin,23.3,,-23.3,207.05,
8/15/24,Posted,VISA,,SXM*SIRIUSXM.COM/ACCT 888-635-5144,9.99,,-9.99,230.35,
8/15/24,Posted,VISA,,JIMMYS KITCHEN & BAR HOPKINS,17.54,,-17.54,240.34,
8/15/24,Posted,VISA,,UHG OPTUM CAFE EDEN PRAIRIE,4.96,,-4.96,257.88,
8/15/24,Posted,ACH,,AMERIPRISE FINC AUTH PMT ~ Tran: ACHDW,94.06,,-94.06,262.84,
8/14/24,Posted,VISA,,APPLE.COM/BILL 866-712-7753,3.24,,-3.24,356.9,
8/13/24,Posted,ACH,,JPMORGAN CHASE EXT TRNSFR 240813,900,,-900,360.14,
8/13/24,Posted,VISA,,Prime Video Channels amzn.com/bill,5.4,,-5.4,1260.14,
8/13/24,Posted,ACH,,CITY OF MESA CHECKPYMT 240812~ Tran: ACH,273.24,,-273.24,1265.54,
8/13/24,Posted,ACH,,AMERIPRISE FINC AUTH PMT ~ Tran: ACHDW,29.68,,-29.68,1538.78,
8/12/24,Posted,ACH,,SALLIE MAE BANK AUTOPAY 240809,172.07,,-172.07,1568.46,
8/12/24,Posted,ACH,,NAVIENT NAVI DEBIT 807929,146.23,,-146.23,1740.53,
8/12/24,Posted,ACH,,SALLIE MAE BANK AUTOPAY 240809,25,,-25,1886.76,
8/12/24,Posted,ACH,,SALLIE MAE BANK AUTOPAY 240809,25,,-25,1911.76,
8/12/24,Posted,VISA,,REFORMATION HERITAGE BO 616-977-0889,115.2,,-115.2,1936.76,
8/11/24,Posted,VISA,,TST*FIRE & BRIMSTONE Gilbert,42.17,,-42.17,2051.96,
8/11/24,Posted,VISA,,ANDY'S - MESA SOUTHERN MESA,23.14,,-23.14,2094.13,
8/10/24,Posted,VISA,,TAPNPAY TOLL PAYMENT WWW.TAPNPAY.I,7.3,,-7.3,2117.27,
8/9/24,Posted,VISA,,...SOFT#G055862988 MSBILL.INFO,19.72,,-19.72,2124.57,
8/9/24,Posted,VISA,,Microsoft*Xbox Game Pas 425-6816830,9.99,,-9.99,2144.29,
8/7/24,Posted,VISA,,GOOGLE *YouTubePremium g.co/helppay#,15.15,,-15.15,2154.28,
8/7/24,Posted,VISA,,IN-N-OUT MESA MESA,11.32,,-11.32,2169.43,
8/7/24,Posted,VISA,,IN-N-OUT MESA MESA,13.59,,-13.59,2180.75,
8/7/24,Posted,VISA,,APPLE.COM/BILL 866-712-7753,10.82,,-10.82,2194.34,
8/7/24,Posted,VISA,,SAFEWAY #1748 GILBERT,11.05,,-11.05,2205.16,
8/7/24,Posted,ACH,,PAYPAL INST XFER 240806,10,,-10,2216.21,
8/7/24,Posted,VISA,,REFORMED FORUM 224-8751101,41.5,,-41.5,2226.21,
8/6/24,Posted,VISA,,IL TOLLWAY-WEB 800-824-7277,20,,-20,2267.71,
8/6/24,Posted,ACH,,PAYPAL INST XFER 240805,215.52,,-215.52,2287.71,
8/5/24,Posted,VISA,,NOESARK.COM 480-8306810,204,,-204,2503.23,
8/5/24,Posted,VISA,,JEWEL OSCO 1306 WEST DUNDEE,3.5,,-3.5,2707.23,
8/5/24,Posted,TRANSFER,,Transfer to Schwab Bank Investor Savings,200,,-200,2710.73,
8/5/24,Posted,ACH,,UNITEDWHOLESALE 1 TIME DFT 080124,4796.79,,-4796.79,2910.73,
8/5/24,Posted,ACH,,VENMO PAYMENT 240802,560.53,,-560.53,7707.52,
8/5/24,Posted,ACH,,CAPITAL ONE TRANSFER,200,,-200,8268.05,
8/3/24,Posted,VISA,,Kindle Unltd*RF4UL6VJ2 888-802-3080,12.99,,-12.99,8468.05,
8/2/24,Posted,VISA,,WENDY'S #6711 4505 N US FLAGSTAFF,26.7,,-26.7,8481.04,
8/2/24,Posted,VISA,,PEARL POOL SERVICE LLC pearlpool2232,163.75,,-163.75,8507.74,
8/2/24,Posted,TRANSFER,,Funds Transfer to Brokerage ...209,100,,-100,8671.49,
8/2/24,Posted,VISA,,APPLE.COM/BILL 800-275-2273,4.32,,-4.32,8771.49,
8/2/24,Posted,VISA,,EINSTEIN BROS BAGELS313 MESA,21.57,,-21.57,8775.81,
8/2/24,Posted,ACH,,"OPTUM SERVICES, DIR DEP 240727~ Tran: AC",,4774.36,4774.36,8797.38,
8/1/24,Posted,VISA,,NSFC AZ* NSFC AZ jenn@nsfcaz.c,309.14,,-309.14,4023.02,
8/1/24,Posted,ACH,,CASHNET SMARTPAY JUDSON 240731,1873.5,,-1873.5,4332.16,
8/1/24,Posted,ACH,,FID BKG SVC LLC MONEYLINE 240801,100,,-100,6205.66,
8/1/24,Posted,ACH,,CASHNET SMARTPAY JUDSON 240731,100,,-100,6305.66,
7/31/24,Posted,INTADJUST,,Interest Paid,,5.22,5.22,6405.66,
7/31/24,Posted,ATMREBATE,,ATM Fee Rebate,,3.99,3.99,6400.44,
7/30/24,Posted,VISA,,ANDY'S - MESA MCKELLIPS MESA,39.91,,-39.91,6396.45,
7/30/24,Posted,VISA,,D J*WALL-ST-JOURNAL 800-568-7625,21.12,,-21.12,6436.36,
7/30/24,Posted,ACH,,VERIZON WIRELESS PAYMENTS 240730~ Tran:,433.85,,-433.85,6457.48,
7/29/24,Posted,VISA,,APPLE.COM/BILL 866-712-7753,27.06,,-27.06,6891.33,
7/29/24,Posted,ACH,,PAYPAL INST XFER 240728,88.8,,-88.8,6918.39,
7/29/24,Posted,ACH,,PAYPAL INST XFER 240728,10.4,,-10.4,7007.19,
7/29/24,Posted,ACH,,PAYPAL INST XFER 240727,6.33,,-6.33,7017.59,
7/26/24,Posted,CHECK,108,Check Paid #108,288,,-288,7023.92,
7/26/24,Posted,ACH,,USAA.COM PAYMNT CREDIT CRD 240725,8000,,-8000,7311.92,
7/26/24,Posted,ACH,,GLOBAL CREDIT UN PAYMENT,489.79,,-489.79,15311.92,
7/25/24,Posted,ACH,,PAYPAL INST XFER 240724,43.32,,-43.32,15801.71,
7/25/24,Posted,VISA,,OPALSTACK WEB HOSTING HTTPSOPALSTAC,11.5,,-11.5,15845.03,
7/24/24,Posted,ACH,,PAYPAL INST XFER 240723,14,,-14,15856.53,
7/24/24,Posted,VISA,,Logos 800-8756467,113.36,,-113.36,15870.53,
7/23/24,Posted,CHECK,107,Check Paid #107,1000,,-1000,15983.89,
7/23/24,Posted,ACH,,WF CREDIT CARD AUTO PAY 240722,25,,-25,16983.89,
7/23/24,Posted,ACH,,SHELL AUTO PYMT 240722,290.3,,-290.3,17008.89,
7/22/24,Posted,VISA,,SXM*SIRIUSXM.COM/ACCT 888-635-5144,23.05,,-23.05,17299.19,
7/22/24,Posted,TRANSFER,,Transfer to Schwab Bank Investor Savings,200,,-200,17322.24,
7/22/24,Posted,ACH,,USAA.COM PAYMNT LOAN 240719,305.33,,-305.33,17522.24,
7/22/24,Posted,ACH,,CAPITAL ONE TRANSFER,200,,-200,17827.57,
7/21/24,Posted,VISA,,APPLE.COM/BILL 866-712-7753,1.07,,-1.07,18027.57,
7/21/24,Posted,VISA,,APPLE COM ONE APPLE PAR CUPERTINO,3.24,,-3.24,18028.64,
7/20/24,Posted,VISA,,Prime Video Channels amzn.com/bill,18.4,,-18.4,18031.88,
7/20/24,Posted,VISA,,ARIZONA ARSENAL SC (80 HTTPSWWW.AZAR,294.55,,-294.55,18050.28,
7/20/24,Posted,VISA,,MAD GREENS MG0205 olo.com,16.63,,-16.63,18344.83,
7/20/24,Posted,VISA,,APPLE.COM/BILL 866-712-7753,10.82,,-10.82,18361.46,
7/19/24,Posted,VISA,,APPLE.COM/BILL 866-712-7753,10.82,,-10.82,18372.28,
7/19/24,Posted,VISA,,NETFLIX COM LOS GATOS,24.78,,-24.78,18383.1,
7/19/24,Posted,TRANSFER,,Funds Transfer to Brokerage ...209,100,,-100,18407.88,
7/19/24,Posted,ACH,,COX COMM PHX BANK DRAFT 071824,64.99,,-64.99,18507.88,
7/19/24,Posted,ACH,,"OPTUM SERVICES, DIR DEP 240713~ Tran: AC",,4774.35,4774.35,18572.87,
7/18/24,Posted,ACH,,GEEKSOUTFIT.COM IAT PAYPAL USDUSD,28.94,,-28.94,13798.52,
7/17/24,Posted,ACH,,PAYPAL INST XFER 240716,21.55,,-21.55,13827.46,
7/17/24,Posted,ACH,,DALLAS BAPTIST U DBU- ACH- 071624,2860,,-2860,13849.01,
7/17/24,Posted,ACH,,DALLAS BAPTIST U DBU- ACH- 071624,612.5,,-612.5,16709.01,
7/16/24,Posted,ACH,,SRP SUREPAY-S1 240716,409.31,,-409.31,17321.51,
7/16/24,Posted,VISA,,APPLE.COM/BILL 866-712-7753,3.24,,-3.24,17730.82,
7/16/24,Posted,VISA,,PARAMOUNT+ 888-274-5343,6.46,,-6.46,17734.06,
7/16/24,Posted,ATM,,GLOBAL FEDERAL 1148 EAS MESA,163.99,,-163.99,17740.52,
7/16/24,Posted,ACH,,CHASE CREDIT CRD EPAY 240715~ Tran: ACHD,14014.42,,-14014.42,17904.51,
7/15/24,Posted,VISA,,SXM*SIRIUSXM.COM/ACCT 888-635-5144,9.99,,-9.99,31918.93,
7/15/24,Posted,ACH,,AMEX EPAYMENT ACH PMT 240715,4678.11,,-4678.11,31928.92,
7/15/24,Posted,ACH,,CAPITAL ONE MOBILE PMT 240712,3224.69,,-3224.69,36607.03,
7/15/24,Posted,ACH,,AMEX EPAYMENT ACH PMT 240715,3116.97,,-3116.97,39831.72,
7/15/24,Posted,ACH,,CITI CARD ONLINE PAYMENT 240712,2205.45,,-2205.45,42948.69,
7/15/24,Posted,ACH,,CITI CARD ONLINE PAYMENT 240712,903.45,,-903.45,45154.14,
7/15/24,Posted,ACH,,JPMORGAN CHASE EXT TRNSFR 240715,500,,-500,46057.59,
7/15/24,Posted,ACH,,USAA.COM PAYMNT LOAN 240712,305.33,,-305.33,46557.59,
7/15/24,Posted,ACH,,AMERIPRISE FINC AUTH PMT ~ Tran: ACHDW,123.74,,-123.74,46862.92,
7/13/24,Posted,VISA,,Prime Video Channels amzn.com/bill,5.4,,-5.4,46986.66,
7/13/24,Posted,VISA,,SQ *FRANKLIN PARK CONSE COLUMBUS,4.3,,-4.3,46992.06,
7/12/24,Posted,CHECK,106,Check Paid #106,77.4,,-77.4,46996.36,
7/12/24,Posted,TRANSFER,,Funds Transfer to Brokerage ...209,5000,,-5000,47073.76,
7/12/24,Posted,ACH,,UNITEDWHOLESALE 1 TIME DFT 071124,4796.79,,-4796.79,52073.76,
7/12/24,Posted,ACH,,CAPITAL ONE TRANSFER,,1000,1000,56870.55,
7/12/24,Posted,ACH,,FIDELITY 32057 P FIDELITY ~ Tran: ACHDD,,51428.57,51428.57,55870.55,
7/11/24,Posted,VISA,,Prime Video Channels amzn.com/bill,7.57,,-7.57,4441.98,
7/11/24,Posted,VISA,,Prime Video Channels amzn.com/bill,3.24,,-3.24,4449.55,
7/11/24,Posted,TRANSFER,,Funds Transfer from Brokerage ...209,,575,575,4452.79,
7/11/24,Posted,ACH,,SALLIE MAE BANK AUTOPAY 240710,172.07,,-172.07,3877.79,
7/11/24,Posted,ACH,,SALLIE MAE BANK AUTOPAY 240710,25,,-25,4049.86,
7/11/24,Posted,ACH,,SALLIE MAE BANK AUTOPAY 240710,25,,-25,4074.86,
7/11/24,Posted,ACH,,FIDELITY 32057 P FIDELITY,,0.16,0.16,4099.86,
7/11/24,Posted,ACH,,CITY OF MESA CHECKPYMT 240710~ Tran: ACH,228.54,,-228.54,4099.7,
7/10/24,Posted,ACH,,CHASE CREDIT CRD AUTOPAY 240709,404,,-404,4328.24,
7/10/24,Posted,ACH,,NAVIENT NAVI DEBIT 807929,146.23,,-146.23,4732.24,
7/10/24,Posted,ACH,,PAYPAL INST XFER 240709,71.99,,-71.99,4878.47,
7/10/24,Posted,ACH,,CITI AUTOPAY PAYMENT 240709,41,,-41,4950.46,
7/9/24,Posted,TRANSFER,,Funds Transfer from Brokerage ...209,,200,200,4991.46,
7/9/24,Posted,TRANSFER,,Transfer from Schwab Bank Investor Savin,,400,400,4791.46,
7/9/24,Posted,VISA,,Microsoft msbill.info 425-7038358,19.73,,-19.73,4391.46,
7/9/24,Posted,VISA,,Microsoft*Xbox Game Pas 425-6816830,9.99,,-9.99,4411.19,
7/9/24,Posted,ACH,,USAA CREDIT CARD PAYMENT 240707,505,,-505,4421.18,
7/8/24,Posted,TRANSFER,,Transfer to Schwab Bank Investor Savings,200,,-200,4926.18,
7/8/24,Posted,ACH,,CAPITAL ONE TRANSFER,200,,-200,5126.18,
7/8/24,Posted,ACH,,PAYPAL INST XFER 240706,10,,-10,5326.18,
7/7/24,Posted,VISA,,GOOGLE *YouTubePremium g.co/helppay#,15.15,,-15.15,5336.18,
7/7/24,Posted,VISA,,TAPNPAY TOLL PAYMENT WWW.TAPNPAY.I,5.6,,-5.6,5351.33,
7/7/24,Posted,VISA,,REFORMED FORUM 224-8751101,41.5,,-41.5,5356.93,
7/6/24,Posted,VISA,,Prime Video Channels amzn.com/bill,10.82,,-10.82,5398.43,
7/5/24,Posted,ACH,,CAPITAL ONE CRCARDPMT 240704,60,,-60,5409.25,
7/5/24,Posted,ACH,,PAYPAL INST XFER 240704,21.49,,-21.49,5469.25,
7/5/24,Posted,TRANSFER,,Funds Transfer to Brokerage ...209,100,,-100,5490.74,
7/5/24,Posted,ACH,,"OPTUM SERVICES, DIR DEP 240629~ Tran: AC",,4774.36,4774.36,5590.74,
7/4/24,Posted,VISA,,BACKYARD TACO - UNIVERS MESA,57.98,,-57.98,816.38,
7/3/24,Posted,VISA,,Kindle Unltd*R772R7312 888-802-3080,12.99,,-12.99,874.36,
7/3/24,Posted,CHECK,105,Check Paid #105,400,,-400,887.35,
7/3/24,Posted,VISA,,APPLE.COM/BILL 800-275-2273,4.32,,-4.32,1287.35,
7/3/24,Posted,VISA,,ACTIVEWORKS  CAMPS  MCC DALLAS,,150,150,1291.67,
7/2/24,Posted,VISA,,D J*WALL-ST-JOURNAL 800-568-7625,8.45,,-8.45,1141.67,
7/2/24,Posted,ACH,,USAA.COM PAYMNT LOAN 240701,305.33,,-305.33,1150.12,
7/2/24,Posted,ACH,,VERIZON WIRELESS PAYMENTS 240702~ Tran:,696.82,,-696.82,1455.45,
7/2/24,Posted,VISA,,PEARL POOL SERVICE LLC pearlpool2232,154.75,,-154.75,2152.27,
7/1/24,Posted,VISA,,NSFC AZ* NSFC AZ jenn@nsfcaz.c,309.14,,-309.14,2307.02,
7/1/24,Posted,ACH,,FID BKG SVC LLC MONEYLINE 240701,100,,-100,2616.16,
7/1/24,Posted,ACH,,PAYPAL INST XFER 240628,10.4,,-10.4,2716.16,
7/1/24,Posted,ACH,,PAYPAL INST XFER 240628~ Tran: ACHDW,88.8,,-88.8,2726.56,
7/1/24,Posted,ACH,,PAYPAL INST XFER 240628~ Tran: ACHDW,40,,-40,2815.36,
6/30/24,Posted,VISA,,6332 Great Clips at Fal MESA,40,,-40,2855.36,
6/28/24,Posted,INTADJUST,,Interest Paid,,0.97,0.97,2895.36,
6/28/24,Posted,VISA,,HOWARDS TUSTIN 714-3680163,544.89,,-544.89,2894.39,
6/28/24,Posted,ACH,,PAYPAL INST XFER 240627,6.33,,-6.33,3439.28,
6/28/24,Posted,DEPOSIT,,Deposit Mobile Banking,,600,600,3445.61,
6/26/24,Posted,ACH,,GLOBAL CREDIT UN PAYMENT,489.79,,-489.79,2845.61,
6/25/24,Posted,VISA,,Amazon Prime*RC3D401P0 Amzn.com/bill,150.54,,-150.54,3335.4,
6/25/24,Posted,VISA,,SQ *SURF CUP SPORTS PAY Del Mar,50,,-50,3485.94,
6/25/24,Posted,VISA,,OPALSTACK WEB HOSTING HTTPSOPALSTAC,11.5,,-11.5,3535.94,
6/24/24,Posted,ACH,,WF CREDIT CARD AUTO PAY 240623,25,,-25,3547.44,
6/24/24,Posted,TRANSFER,,Transfer to Schwab Bank Investor Savings,200,,-200,3572.44,
6/24/24,Posted,ACH,,CAPITAL ONE TRANSFER,200,,-200,3772.44,
6/24/24,Posted,ACH,,PAYPAL INST XFER 240623,14,,-14,3972.44,
6/22/24,Posted,VISA,,SXM*SIRIUSXM.COM/ACCT 888-635-5144,23.05,,-23.05,3986.44,
6/22/24,Posted,VISA,,NOE IMPORT AUTO MESA,308.68,,-308.68,4009.49,
6/22/24,Posted,VISA,,APPLE.COM/BILL 866-712-7753,3.24,,-3.24,4318.17,
6/21/24,Posted,VISA,,NETGEAR INC 408-890-3088,105.59,,-105.59,4321.41,
6/21/24,Posted,TRANSFER,,Funds Transfer to Brokerage ...209,100,,-100,4427,
6/21/24,Posted,VISA,,APPLE.COM/BILL 866-712-7753,1.07,,-1.07,4527,
6/21/24,Posted,ACH,,IRS USATAXPYMT 062124,482.16,,-482.16,4528.07,
6/21/24,Posted,ACH,,"OPTUM SERVICES, DIR DEP 240615~ Tran: AC",,4774.35,4774.35,5010.23,
6/20/24,Posted,VISA,,ARIZONA ARSENAL SC (80 HTTPSWWW.AZAR,294.58,,-294.58,235.88,
6/19/24,Posted,VISA,,EL RUSTICO #2 520-3595847,29.44,,-29.44,530.46,
6/19/24,Posted,VISA,,EL RUSTICO #2 520-3595847,4.52,,-4.52,559.9,
6/19/24,Posted,VISA,,APPLE.COM/BILL 866-712-7753,10.82,,-10.82,564.42,
6/19/24,Posted,VISA,,APPLE.COM/BILL 866-712-7753,10.82,,-10.82,575.24,
6/19/24,Posted,VISA,,NETFLIX COM LOS GATOS,24.78,,-24.78,586.06,
6/18/24,Posted,ACH,,SRP SUREPAY-S1 240618,279.75,,-279.75,610.84,
6/18/24,Posted,ACH,,AMEX EPAYMENT ACH PMT 240618,125.3,,-125.3,890.59,
6/18/24,Posted,ACH,,COX COMM PHX BANK DRAFT 061724,64.99,,-64.99,1015.89,
6/17/24,Posted,ACH,,PAYPAL INST XFER 240616,18.32,,-18.32,1080.88,
6/17/24,Posted,TRANSFER,,Funds Transfer from Brokerage ...209,,800,800,1099.2,
6/17/24,Posted,ACH,,JPMORGAN CHASE EXT TRNSFR 240617,1500,,-1500,299.2,
6/17/24,Posted,ACH,,VENMO PAYMENT 240615,25,,-25,1799.2,
6/17/24,Posted,ACH,,VENMO CASHOUT 240614,,534.71,534.71,1824.2,
6/17/24,Posted,ACH,,AMERIPRISE FINC AUTH PMT ~ Tran: ACHDW,94.06,,-94.06,1289.49,
6/16/24,Posted,VISA,,PARAMOUNT+ 888-274-5343,6.46,,-6.46,1383.55,
6/15/24,Posted,VISA,,SXM*SIRIUSXM.COM/ACCT 888-635-5144,9.99,,-9.99,1390.01,
6/14/24,Posted,TRANSFER,,Transfer from Schwab Bank Investor Savin,,1400,1400,1400,
6/13/24,Posted,TRANSFER,,Overdraft Transfer from Brokerage ...209,,105.36,105.36,0,
6/13/24,Posted,CHECK,104,Check Paid #104,350,,-350,-105.36,
6/13/24,Posted,VISA,,APPLE COM ONE APPLE PAR ONE APPLE PAR,5.4,,-5.4,244.64,
6/13/24,Posted,VISA,,AMZN Mktp US*4X6KD3NB3 Amzn.com/bill,36.01,,-36.01,250.04,
6/13/24,Posted,VISA,,Prime Video Channels amzn.com/bill,5.4,,-5.4,286.05,
6/13/24,Posted,ACH,,AMERIPRISE FINC AUTH PMT ~ Tran: ACHDW,29.68,,-29.68,291.45,
6/12/24,Posted,VISA,,APPLE.COM/BILL 866-712-7753,3.24,,-3.24,321.13,
6/12/24,Posted,VISA,,Prime Video Channels amzn.com/bill,3.24,,-3.24,324.37,
6/11/24,Posted,VISA,,Prime Video Channels amzn.com/bill,7.57,,-7.57,327.61,
6/11/24,Posted,ACH,,SALLIE MAE BANK AUTOPAY 240610,172.07,,-172.07,335.18,
6/11/24,Posted,ACH,,SALLIE MAE BANK AUTOPAY 240610,25,,-25,507.25,
6/11/24,Posted,ACH,,SALLIE MAE BANK AUTOPAY 240610,25,,-25,532.25,
6/11/24,Posted,ACH,,USAA CREDIT CARD PAYMENT 240607,510,,-510,557.25,
6/11/24,Posted,ACH,,CITI AUTOPAY PAYMENT 240610,41,,-41,1067.25,
6/11/24,Posted,ACH,,CITY OF MESA CHECKPYMT 240610~ Tran: ACH,186.2,,-186.2,1108.25,
6/10/24,Posted,ACH,,CHASE CREDIT CRD AUTOPAY 240609,318,,-318,1294.45,
6/10/24,Posted,TRANSFER,,Transfer to Schwab Bank Investor Savings,200,,-200,1612.45,
6/10/24,Posted,ACH,,AMEX EPAYMENT ACH PMT 240610,3174.61,,-3174.61,1812.45,
6/10/24,Posted,ACH,,CAPITAL ONE TRANSFER,200,,-200,4987.06,
6/10/24,Posted,ACH,,NAVIENT NAVI DEBIT 807929,146.23,,-146.23,5187.06,
6/9/24,Posted,VISA,,...SOFT#G049874490 MSBILL.INFO,19.72,,-19.72,5333.29,
6/9/24,Posted,VISA,,Microsoft*Xbox Game Pas 425-6816830,9.99,,-9.99,5353.01,
6/7/24,Posted,VISA,,GOOGLE *YouTubePremium g.co/helppay#,15.15,,-15.15,5363,
6/7/24,Posted,TRANSFER,,Funds Transfer to Brokerage ...209,100,,-100,5378.15,
6/7/24,Posted,ACH,,UNITEDWHOLESALE 1 TIME DFT 060524,4796.79,,-4796.79,5478.15,
6/7/24,Posted,ACH,,PAYPAL INST XFER 240606,10,,-10,10274.94,
6/7/24,Posted,VISA,,REFORMED FORUM 224-8751101,41.5,,-41.5,10284.94,
6/7/24,Posted,ACH,,"OPTUM SERVICES, DIR DEP 240601~ Tran: AC",,4774.35,4774.35,10326.44,
6/6/24,Posted,VISA,,PRIME VIDEO CHANNELS SEATTLE,10.82,,-10.82,5552.09,
6/6/24,Posted,VISA,,PEARL POOL SERVICE LLC pearlpool2232,148,,-148,5562.91,
6/5/24,Posted,TRANSFER,,Funds Transfer from Brokerage ...209,,2000,2000,5710.91,
6/5/24,Posted,ACH,,CAPITAL ONE CRCARDPMT 240604,61,,-61,3710.91,
6/4/24,Posted,VISA,,D J*WALL-ST-JOURNAL 800-568-7625,8.45,,-8.45,3771.91,
6/3/24,Posted,VISA,,AMAZON PRIME*IT0YB3GM3 888-802-3080,12.99,,-12.99,3780.36,
6/3/24,Posted,ACH,,FID BKG SVC LLC MONEYLINE 240603,100,,-100,3793.35,
6/2/24,Posted,VISA,,APPLE.COM/BILL 866-712-7753,4.32,,-4.32,3893.35,
5/31/24,Posted,INTADJUST,,Interest Paid,,1.69,1.69,3897.67,
5/30/24,Posted,ACH,,USAA.COM PAYMNT LOAN 240529,305.33,,-305.33,3895.98,
5/30/24,Posted,ACH,,VERIZON WIRELESS PAYMENTS 240530~ Tran:,574.24,,-574.24,4201.31,
5/29/24,Posted,ACH,,PAYPAL INST XFER 240528,10.4,,-10.4,4775.55,
5/29/24,Posted,ACH,,PAYPAL INST XFER 240528~ Tran: ACHDW,88.8,,-88.8,4785.95,
5/28/24,Posted,VISA,,NETGEAR INC 408-890-3088,75.45,,-75.45,4874.75,
5/28/24,Posted,ACH,,GLOBAL CREDIT UN PAYMENT,489.79,,-489.79,4950.2,
5/28/24,Posted,ACH,,CAPITAL ONE TRANSFER,200,,-200,5439.99,
5/28/24,Posted,ACH,,PAYPAL INST XFER 240527,6.33,,-6.33,5639.99,
5/27/24,Posted,VISA,,SQ *SURF CUP SPORTS PAY Del Mar,20,,-20,5646.32,
5/27/24,Posted,TRANSFER,,Transfer to Schwab Bank Investor Savings,200,,-200,5666.32,
5/26/24,Posted,VISA,,SQ *MAUI WOWI HAWAIIAN Oceanside,11.33,,-11.33,5866.32,
5/26/24,Posted,VISA,,SQ *SO CAL SC LP San Diego,15,,-15,5877.65,
5/25/24,Posted,VISA,,SQ *SO CAL SC LP San Diego,15,,-15,5892.65,
5/25/24,Posted,VISA,,OPALSTACK WEB HOSTING HTTPSOPALSTAC,11.5,,-11.5,5907.65,
5/24/24,Posted,VISA,,BACKYARD TACO - UNIVERS MESA,53.38,,-53.38,5919.15,
5/24/24,Posted,TRANSFER,,Funds Transfer to Brokerage ...209,100,,-100,5972.53,
5/24/24,Posted,ACH,,PAYPAL INST XFER 240523,14,,-14,6072.53,
5/24/24,Posted,ACH,,"OPTUM SERVICES, DIR DEP 240518~ Tran: AC",,4774.36,4774.36,6086.53,
5/23/24,Posted,ACH,,WF CREDIT CARD AUTO PAY 240522,25,,-25,1312.17,
5/23/24,Posted,VISA,,NSFC AZ* NSFC AZ jenn@nsfcaz.c,308.93,,-308.93,1337.17,
5/23/24,Posted,ACH,,SHELL AUTO PYMT 240522,114.4,,-114.4,1646.1,
5/22/24,Posted,VISA,,PEARL POOL SERVICE LLC pearlpool2232,250,,-250,1760.5,
5/22/24,Posted,VISA,,PEARL POOL SERVICE LLC pearlpool2232,100,,-100,2010.5,
5/22/24,Posted,VISA,,SXM*SIRIUSXM.COM/ACCT 888-635-5144,23.05,,-23.05,2110.5,
5/22/24,Posted,VISA,,DF MSP LT2014 USSR SAINT PAUL,151.45,,-151.45,2133.55,
5/21/24,Posted,CHECK,103,Check Paid #103,500,,-500,2285,
5/21/24,Posted,VISA,,APPLE COM ONE APPLE PAR CUPERTINO,3.24,,-3.24,2785,
5/20/24,Posted,VISA,,APPLE COM ONE APPLE PAR CUPERTINO,1.07,,-1.07,2788.24,
5/20/24,Posted,ACH,,AMEX EPAYMENT ACH PMT 240520,105.81,,-105.81,2789.31,
5/20/24,Posted,ACH,,COX COMM PHX BANK DRAFT 051824,64.99,,-64.99,2895.12,
5/19/24,Posted,VISA,,NETFLIX COM LOS GATOS,24.78,,-24.78,2960.11,
5/19/24,Posted,VISA,,SALAD AND GO #1135 SCOTTSDALE,8.68,,-8.68,2984.89,
5/19/24,Posted,VISA,,APPLE.COM/BILL 866-712-7753,10.82,,-10.82,2993.57,
5/18/24,Posted,VISA,,APPLE.COM/BILL 866-712-7753,10.82,,-10.82,3004.39,
5/18/24,Posted,VISA,,6332 Great Clips at Fal MESA,23,,-23,3015.21,
5/17/24,Posted,VISA,,BACKYARD TACO - UNIVERS MESA,25.88,,-25.88,3038.21,
5/17/24,Posted,ACH,,PAYPAL INST XFER 240516,18.32,,-18.32,3064.09,
5/16/24,Posted,TRANSFER,,Funds Transfer to Brokerage ...209,2000,,-2000,3082.41,
5/16/24,Posted,TRANSFER,,Transfer to Schwab Bank Investor Savings,400,,-400,5082.41,
5/16/24,Posted,VISA,,PARAMOUNT+ 888-274-5343,6.46,,-6.46,5482.41,
5/15/24,Posted,ACH,,SRP SUREPAY-S1 240515,169.01,,-169.01,5488.87,
5/15/24,Posted,VISA,,AMZN Mktp US*YT4JM7VF3 Amzn.com/bill,43.85,,-43.85,5657.88,
5/15/24,Posted,VISA,,SXM*SIRIUSXM.COM/ACCT 888-635-5144,9.99,,-9.99,5701.73,
5/15/24,Posted,ACH,,USAA FSB IC REFUND 240514,343.25,,-343.25,5711.72,
5/15/24,Posted,ACH,,AMERIPRISE FINC AUTH PMT ~ Tran: ACHDW,94.06,,-94.06,6054.97,
5/14/24,Posted,CHECK,102,Check Paid #102,500,,-500,6149.03,
5/14/24,Posted,VISA,,LA PARRILLA SUIZA MESA,193.15,,-193.15,6649.03,
5/14/24,Posted,ACH,,FID BKG SVC LLC MONEYLINE 240514,,4847.54,4847.54,6842.18,
5/14/24,Posted,ACH,,CITY OF MESA CHECKPYMT 240513~ Tran: ACH,144.13,,-144.13,1994.64,
5/13/24,Posted,TRANSFER,,Transfer to Schwab Bank Investor Savings,200,,-200,2138.77,
5/13/24,Posted,ACH,,AMEX EPAYMENT ACH PMT 240513,3000,,-3000,2338.77,
5/13/24,Posted,ACH,,CAPITAL ONE TRANSFER,200,,-200,5338.77,
5/13/24,Posted,ACH,,SALLIE MAE BANK AUTOPAY 240510,172.07,,-172.07,5538.77,
5/13/24,Posted,ACH,,SALLIE MAE BANK AUTOPAY 240510,25,,-25,5710.84,
5/13/24,Posted,ACH,,SALLIE MAE BANK AUTOPAY 240510,25,,-25,5735.84,
5/13/24,Posted,VISA,,REFORMATION HERITAGE BO 616-977-0889,41.29,,-41.29,5760.84,
5/13/24,Posted,VISA,,Prime Video Channels amzn.com/bill,5.4,,-5.4,5802.13,
5/13/24,Posted,ACH,,AMERIPRISE FINC AUTH PMT ~ Tran: ACHDW,29.68,,-29.68,5807.53,
5/12/24,Posted,VISA,,COLLEGEBOARD*SAT ONLN. 212-7137789,68,,-68,5837.21,
5/12/24,Posted,VISA,,APPLE COM ONE APPLE PAR ONE APPLE PAR,3.24,,-3.24,5905.21,
5/12/24,Posted,VISA,,Prime Video Channels amzn.com/bill,3.24,,-3.24,5908.45,
5/12/24,Posted,VISA,,Prime Video Channels amzn.com/bill,7.57,,-7.57,5911.69,
5/10/24,Posted,ACH,,CHASE CREDIT CRD AUTOPAY 240509,291,,-291,5919.26,
5/10/24,Posted,TRANSFER,,Funds Transfer to Brokerage ...209,100,,-100,6210.26,
5/10/24,Posted,ACH,,PAYPAL INST XFER 240509,287.53,,-287.53,6310.26,
5/10/24,Posted,ACH,,NAVIENT NAVI DEBIT 807929,146.23,,-146.23,6597.79,
5/10/24,Posted,ACH,,CITI AUTOPAY PAYMENT 240509,41,,-41,6744.02,
5/10/24,Posted,ACH,,"OPTUM SERVICES, DIR DEP 240504~ Tran: AC",,4774.35,4774.35,6785.02,
5/9/24,Posted,VISA,,Microsoft*Xbox Game Pas 425-6816830,9.99,,-9.99,2010.67,
5/9/24,Posted,VISA,,...SOFT#G046725776 MSBILL.INFO,19.73,,-19.73,2020.66,
5/9/24,Posted,VISA,,BT BELMONT MENS SOCC 804-325-1460,185.5,,-185.5,2040.39,
5/9/24,Posted,ACH,,USAA CREDIT CARD PAYMENT 240507,514,,-514,2225.89,
5/9/24,Posted,VISA,,ACT*MacsSoccerSchool 800-6634991,400,,-400,2739.89,
5/8/24,Posted,ACH,,PAYPAL INST XFER 240507,32.2,,-32.2,3139.89,
5/8/24,Posted,VISA,,COBBLESTONE AUTO SPA - GILBERT,42,,-42,3172.09,
5/7/24,Posted,VISA,,GOOGLE *YouTubePremium g.co/helppay#,15.15,,-15.15,3214.09,
5/7/24,Posted,VISA,,D J*WALL-ST-JOURNAL 800-568-7625,8.45,,-8.45,3229.24,
5/7/24,Posted,ACH,,PAYPAL INST XFER 240506,10,,-10,3237.69,
5/7/24,Posted,VISA,,REFORMED FORUM 224-8751101,41.5,,-41.5,3247.69,
5/6/24,Posted,VISA,,Prime Video Channels amzn.com/bill,10.82,,-10.82,3289.19,
5/6/24,Posted,ACH,,DALLAS BAPTIST U DBU- ACH- 050324,555,,-555,3300.01,
5/6/24,Posted,ACH,,CAPITAL ONE CRCARDPMT 240504,60,,-60,3855.01,
5/6/24,Posted,VISA,,EVENTIM USA TICKETING 302-6365401,455.5,,-455.5,3915.01,
5/5/24,Posted,VISA,,APPLE COM ONE APPLE PAR ONE APPLE PAR,10.82,,-10.82,4370.51,
5/3/24,Posted,VISA,,AMAZON PRIME*OU5F36V83 888-802-3080,12.99,,-12.99,4381.33,
5/3/24,Posted,VISA,,APPLE.COM/BILL 866-712-7753,4.32,,-4.32,4394.32,
5/3/24,Posted,ACH,,UNITEDWHOLESALE 1 TIME DFT 050124,4796.79,,-4796.79,4398.64,
5/3/24,Posted,ACH,,VENMO PAYMENT 240502,500,,-500,9195.43,
5/2/24,Posted,VISA,,PEARL POOL SERVICE LLC pearlpool2232,143.5,,-143.5,9695.43,
5/2/24,Posted,ACH,,PAYPAL INST XFER 240501~ Tran: ACHDW,10,,-10,9838.93,
5/1/24,Posted,ACH,,"PSV N.V. IAT PAYPAL USDUSD,Effective  04",160.66,,-160.66,9848.93,
5/1/24,Posted,VISA,,SALAD AND GO #1104 MESA,18.31,,-18.31,10009.59,
5/1/24,Posted,ACH,,FID BKG SVC LLC MONEYLINE 240501,100,,-100,10027.9,
4/30/24,Posted,INTADJUST,,Interest Paid,,5.68,5.68,10127.9,
4/30/24,Posted,VISA,,NETGEAR INC 408-890-3088,30.18,,-30.18,10122.22,
4/30/24,Posted,ACH,,STORE.ACMILAN.COM IAT PAYPAL USDUSD,136.5,,-136.5,10152.4,
4/30/24,Posted,ACH,,FULHAM FOOTBALL CLUB LIMITED IAT PAYPAL,99.71,,-99.71,10288.9,
4/30/24,Posted,ACH,,VERIZON WIRELESS PAYMENTS 240430~ Tran:,473.56,,-473.56,10388.61,
4/30/24,Posted,VISA,,ARIZONA ARSENAL SC (80 HTTPSWWW.AZAR,257.78,,-257.78,10862.17,
4/29/24,Posted,ACH,,PAYPAL INST XFER 240428,88.8,,-88.8,11119.95,
4/29/24,Posted,ACH,,PAYPAL INST XFER 240428,10.4,,-10.4,11208.75,
4/29/24,Posted,VISA,,PROVIDENCE* PROVIDENCE WWW.PROVIDENC,515.24,,-515.24,11219.15,
4/29/24,Posted,TRANSFER,,Transfer to Schwab Bank Investor Savings,200,,-200,11734.39,
4/29/24,Posted,ACH,,CAPITAL ONE TRANSFER,200,,-200,11934.39,
4/29/24,Posted,ACH,,PAYPAL INST XFER 240427,6.33,,-6.33,12134.39,
4/27/24,Posted,VISA,,AMERICAN ...121362890 FORT WORTH,227.1,,-227.1,12140.72,
4/27/24,Posted,VISA,,AMERICAN ...121362890 FORT WORTH,227.1,,-227.1,12367.82,
4/27/24,Posted,VISA,,AMERICAN ...121362884 FORT WORTH,330.1,,-330.1,12594.92,
4/27/24,Posted,VISA,,OLD REPUBLIC HOME PROTE 925-8661500,85,,-85,12925.02,
4/26/24,Posted,ACH,,"KOLELINIA LTD IAT PAYPAL USDUSD,Effectiv",928,,-928,13010.02,
4/26/24,Posted,TRANSFER,,Funds Transfer to Brokerage ...209,100,,-100,13938.02,
4/26/24,Posted,ACH,,GLOBAL CREDIT UN PAYMENT,489.79,,-489.79,14038.02,
4/26/24,Posted,ACH,,"OPTUM SERVICES, DIR DEP 240420~ Tran: AC",,4774.35,4774.35,14527.81,
4/25/24,Posted,VISA,,ENTERPRISE 5076 SCOTTSDALE,20943.78,,-20943.78,9753.46,
4/25/24,Posted,VISA,,OPALSTACK WEB HOSTING HTTPSOPALSTAC,11.5,,-11.5,30697.24,
4/24/24,Posted,TRANSFER,,Funds Transfer to Brokerage ...209,1000,,-1000,30708.74,
4/24/24,Posted,TRANSFER,,Funds Transfer to Brokerage ...209,100,,-100,31708.74,
4/24/24,Posted,ACH,,SHELL ONLINE PMT 240423,2159.25,,-2159.25,31808.74,
4/24/24,Posted,ACH,,PAYPAL INST XFER 240423,39.02,,-39.02,33967.99,
4/24/24,Posted,ACH,,PAYPAL INST XFER 240423,14,,-14,34007.01,
4/23/24,Posted,ACH,,WF CREDIT CARD AUTO PAY 240422,25,,-25,34021.01,
4/23/24,Posted,VISA,,SC* MESSIAH UNIVERSITY LEAGUES.BLUES,318,,-318,34046.01,
4/23/24,Posted,ACH,,SHELL AUTO PYMT 240422,74,,-74,34364.01,
4/23/24,Posted,ACH,,PAYPAL INST XFER 240422,40.56,,-40.56,34438.01,
4/23/24,Posted,VISA,,ARIZONA ARSENAL SC (80 HTTPSWWW.AZAR,10.61,,-10.61,34478.57,
4/22/24,Posted,VISA,,...067 TORCHYS RR 35 ROUND ROCK,77.88,,-77.88,34489.18,
4/22/24,Posted,VISA,,SXM*SIRIUSXM.COM/ACCT 888-635-5144,23.05,,-23.05,34567.06,
4/22/24,Posted,VISA,,APPLE.COM/BILL 866-712-7753,3.24,,-3.24,34590.11,
4/21/24,Posted,VISA,,RICE UNIVE ATHLETICS 713-348-6957,50,,-50,34593.35,
4/21/24,Posted,VISA,,RICE U - RICE ATHLETIC 713-348-5083,10,,-10,34643.35,
4/20/24,Posted,VISA,,THE SALT LICK ROUND ROCK,134.14,,-134.14,34653.35,
4/20/24,Posted,VISA,,APPLE COM ONE APPLE PAR CUPERTINO,1.07,,-1.07,34787.49,
4/19/24,Posted,VISA,,NETFLIX COM LOS GATOS,24.78,,-24.78,34788.56,
4/19/24,Posted,VISA,,SA002 - RIVER BEND GARA SAN ANTONIO,30,,-30,34813.34,
4/19/24,Posted,VISA,,APPLE.COM/BILL 866-712-7753,10.82,,-10.82,34843.34,
4/19/24,Posted,VISA,,APPLE.COM/BILL 866-712-7753,10.82,,-10.82,34854.16,
4/18/24,Posted,VISA,,SQ *SOCCER-REACH 11 COM PHOENIX,7,,-7,34864.98,
4/18/24,Posted,ACH,,AMEX EPAYMENT ACH PMT 240418,115.59,,-115.59,34871.98,
4/18/24,Posted,ACH,,PAYPAL INST XFER 240417,36.1,,-36.1,34987.57,
4/17/24,Posted,VISA,,ARIZONA ARSENAL SC (80 HTTPSWWW.AZAR,309.27,,-309.27,35023.67,
4/17/24,Posted,ACH,,PAYPAL INST XFER 240416,18.32,,-18.32,35332.94,
4/17/24,Posted,ACH,,IRS USATAXPYMT 041724,4724.13,,-4724.13,35351.26,
4/17/24,Posted,ACH,,AMEX EPAYMENT ACH PMT 240417,3500,,-3500,40075.39,
4/17/24,Posted,ACH,,IRS USATAXPYMT 041724,1178.77,,-1178.77,43575.39,
4/17/24,Posted,ACH,,USAA.COM PAYMNT LOAN 240416,305.33,,-305.33,44754.16,
4/17/24,Posted,ACH,,COX COMM PHX BANK DRAFT 041624,64.99,,-64.99,45059.49,
4/17/24,Posted,ACH,,IRS USATAXPYMT 041524~ Tran: ACHDW,15050,,-15050,45124.48,
4/16/24,Posted,ACH,,SRP SUREPAY-S1 240416,167.75,,-167.75,60174.48,
4/16/24,Posted,VISA,,PARAMOUNT+ 888-274-5343,6.46,,-6.46,60342.23,
4/16/24,Posted,ACH,,USAA FSB ICPAYMENT 240414,342.27,,-342.27,60348.69,
4/16/24,Posted,VISA,,HRB ONLINE TAX PRODUCT 800-472-5625,53.07,,-53.07,60690.96,
4/16/24,Posted,VISA,,HRB ONLINE TAX PRODUCT 800-472-5625,122.06,,-122.06,60744.03,
4/16/24,Posted,ACH,,FIDELITY 32057 P FIDELITY ~ Tran: ACHDD,,57857.14,57857.14,60866.09,
4/15/24,Posted,VISA,,SXM*SIRIUSXM.COM/ACCT 888-635-5144,9.99,,-9.99,3008.95,
4/15/24,Posted,ACH,,PAYPAL INST XFER 240414,74.23,,-74.23,3018.94,
4/15/24,Posted,TRANSFER,,Transfer to Schwab Bank Investor Savings,200,,-200,3093.17,
4/15/24,Posted,ACH,,CAPITAL ONE TRANSFER,200,,-200,3293.17,
4/15/24,Posted,ACH,,VENMO PAYMENT 240413,20,,-20,3493.17,
4/15/24,Posted,ACH,,AMERIPRISE FINC AUTH PMT ~ Tran: ACHDW,123.74,,-123.74,3513.17,
4/15/24,Posted,ACH,,FIDELITY 32057 P FIDELITY ~ Tran: ACHDD,,0.34,0.34,3636.91,
4/14/24,Posted,VISA,,APPLE COM ONE APPLE PAR ONE APPLE PAR,3.24,,-3.24,3636.57,
4/12/24,Posted,TRANSFER,,Funds Transfer to Brokerage ...209,100,,-100,3639.81,
4/12/24,Posted,ACH,,AMEX EPAYMENT ACH PMT 240412,897.86,,-897.86,3739.81,
4/12/24,Posted,ACH,,CITY OF MESA CHECKPYMT 240411~ Tran: ACH,133.56,,-133.56,4637.67,
4/12/24,Posted,ACH,,"OPTUM SERVICES, DIR DEP 240406~ Tran: AC",,4774.35,4774.35,4771.23,
4/11/24,Posted,TRANSFER,,Overdraft Transfer from Brokerage ...209,,0.12,0.12,-3.12,
4/11/24,Posted,VISA,,Prime Video Channels amzn.com/bill,3.24,,-3.24,-3.24,
4/11/24,Posted,TRANSFER,,Overdraft Transfer from Brokerage ...209,,172.07,172.07,0,
4/11/24,Posted,ACH,,SALLIE MAE BANK AUTOPAY 240410,172.07,,-172.07,-172.07,
4/11/24,Posted,TRANSFER,,Overdraft Transfer from Brokerage ...209,,25,25,0,
4/11/24,Posted,ACH,,SALLIE MAE BANK AUTOPAY 240410,25,,-25,-25,
4/11/24,Posted,TRANSFER,,Overdraft Transfer from Brokerage ...209,,25,25,0,
4/11/24,Posted,ACH,,SALLIE MAE BANK AUTOPAY 240410,25,,-25,-25,
4/11/24,Posted,TRANSFER,,Overdraft Transfer from Brokerage ...209,,7.57,7.57,0,
4/11/24,Posted,VISA,,Prime Video Channels amzn.com/bill,7.57,,-7.57,-7.57,
4/10/24,Posted,TRANSFER,,"Overdraft Transfer from Brokerage -1209,",,194.44,194.44,0,
4/10/24,Posted,ACH,,"UNITEDWHOLESALE 1 TIME DFT 040524,Effect",4796.79,,-4796.79,-194.44,
4/10/24,Posted,ACH,,CHASE CREDIT CRD AUTOPAY 240409,249,,-249,4602.35,
4/10/24,Posted,ACH,,NAVIENT NAVI DEBIT 807929,146.23,,-146.23,4851.35,
4/10/24,Posted,ACH,,CITI AUTOPAY PAYMENT 240409,41,,-41,4997.58,
4/9/24,Posted,VISA,,AMAZON PRIME*3V22J7P93 888-802-3080,21.65,,-21.65,5038.58,
4/9/24,Posted,TRANSFER,,Transfer from Schwab Bank Investor Savin,,800,800,5060.23,
4/9/24,Posted,VISA,,...SOFT#G044148757 MSBILL.INFO,19.72,,-19.72,4260.23,
4/9/24,Posted,VISA,,D J*WALL-ST-JOURNAL 800-568-7625,8.45,,-8.45,4279.95,
4/9/24,Posted,VISA,,Microsoft*Xbox Game Pas 425-6816830,9.99,,-9.99,4288.4,
4/9/24,Posted,ACH,,USAA CREDIT CARD PAYMENT 240407,519,,-519,4298.39,
4/8/24,Posted,ACH,,PAYPAL INST XFER 240406,10,,-10,4817.39,
4/7/24,Posted,VISA,,GOOGLE *YouTubePremium g.co/helppay#,15.15,,-15.15,4827.39,
4/7/24,Posted,VISA,,REFORMED FORUM 224-8751101,41.5,,-41.5,4842.54,
4/6/24,Posted,VISA,,Prime Video Channels amzn.com/bill,10.82,,-10.82,4884.04,
4/5/24,Posted,VISA,,ARIZONA ARSENAL SC (80 HTTPSWWW.AZAR,10.61,,-10.61,4894.86,
4/5/24,Posted,TRANSFER,,Transfer from Schwab Bank Investor Savin,,1000,1000,4905.47,
4/5/24,Posted,ACH,,CAPITAL ONE CRCARDPMT 240404,61,,-61,3905.47,
4/5/24,Posted,VISA,,Swig Mesa Mesa,15.82,,-15.82,3966.47,
4/4/24,Posted,ACH,,PAYPAL INST XFER 240403,100,,-100,3982.29,
4/3/24,Posted,VISA,,AMAZON PRIME*R79M399F3 888-802-3080,12.99,,-12.99,4082.29,
4/3/24,Posted,VISA,,SQ *LUNA TACOS Mesa,12.52,,-12.52,4095.28,
4/2/24,Posted,VISA,,APPLE.COM/BILL 866-712-7753,4.32,,-4.32,4107.8,
4/1/24,Posted,VISA,,PEARL POOL SERVICE LLC pearlpool2232,130,,-130,4112.12,
4/1/24,Posted,TRANSFER,,Transfer to Schwab Bank Investor Savings,200,,-200,4242.12,
4/1/24,Posted,ACH,,CAPITAL ONE TRANSFER,200,,-200,4442.12,
4/1/24,Posted,ACH,,VENMO PAYMENT 240329,97,,-97,4642.12,
4/1/24,Posted,ACH,,VERIZON WIRELESS PAYMENTS 240401~ Tran:,183.39,,-183.39,4739.12,
4/1/24,Posted,ACH,,FID BKG SVC LLC MONEYLINE 240401~ Tran:,100,,-100,4922.51,
3/29/24,Posted,INTADJUST,,Interest Paid,,0.97,0.97,5022.51,
3/29/24,Posted,ACH,,PAYPAL INST XFER 240328,10.4,,-10.4,5021.54,
3/29/24,Posted,ACH,,PAYPAL INST XFER 240328~ Tran: ACHDW,88.22,,-88.22,5031.94,
3/29/24,Posted,ACH,,"OPTUM SERVICES, DIR DEP 240323~ Tran: AC",,4902.11,4902.11,5120.16,
3/28/24,Posted,VISA,,BACKYARD TACO - UNIVERS MESA,19.21,,-19.21,218.05,
3/28/24,Posted,TRANSFER,,Funds Transfer to Brokerage ...209,100,,-100,237.26,
3/28/24,Posted,ACH,,PAYPAL INST XFER 240327,6.33,,-6.33,337.26,
3/27/24,Posted,VISA,,ARBYS 6947 MESA,17.31,,-17.31,343.59,
3/27/24,Posted,VISA,,SUN SNACKS 1833 W MAIN MESA,16.1,,-16.1,360.9,
3/26/24,Posted,ACH,,GLOBAL CREDIT UN PAYMENT,489.79,,-489.79,377,
3/25/24,Posted,ACH,,PAYPAL INST XFER 240323,14,,-14,866.79,
3/25/24,Posted,ACH,,SHELL AUTO PYMT 240322,72,,-72,880.79,
3/25/24,Posted,ACH,,WF CREDIT CARD AUTO PAY 240322,25,,-25,952.79,
3/25/24,Posted,VISA,,OPALSTACK WEB HOSTING HTTPSOPALSTAC,11.5,,-11.5,977.79,
3/23/24,Posted,VISA,,ZOTERO.ORG HTTPSWWW.ZOTE,20,,-20,989.29,
3/22/24,Posted,VISA,,SXM*SIRIUSXM.COM/ACCT 888-635-5144,23.05,,-23.05,1009.29,
3/22/24,Posted,VISA,,APPLE.COM/BILL 866-712-7753,3.24,,-3.24,1032.34,
3/21/24,Posted,VISA,,APPLE.COM/BILL 866-712-7753,1.07,,-1.07,1035.58,
3/21/24,Posted,VISA,,SALAD AND GO #1135 SCOTTSDALE,8.68,,-8.68,1036.65,
3/21/24,Posted,ACH,,PAYPAL INST XFER 240320,355.87,,-355.87,1045.33,
3/20/24,Posted,ACH,,COX COMM PHX BANK DRAFT 031924~ Tran: AC,64.99,,-64.99,1401.2,
3/19/24,Posted,VISA,,TST* WETZEL'S PRETZELS MESA,20.67,,-20.67,1466.19,
3/19/24,Posted,CHECK,101,Check Paid #101,300,,-300,1486.86,
3/19/24,Posted,VISA,,APPLE.COM/BILL 866-712-7753,10.82,,-10.82,1786.86,
3/19/24,Posted,VISA,,NETFLIX COM LOS GATOS,24.78,,-24.78,1797.68,
3/19/24,Posted,ACH,,CITY OF MESA RETRY PYMT 240312~ Tran: AC,127.47,,-127.47,1822.46,
3/19/24,Posted,VISA,,SPROUTS FARMERS MKT#5 MESA,28.35,,-28.35,1949.93,
3/18/24,Posted,VISA,,APPLE COM ONE APPLE PAR CUPERTINO,10.82,,-10.82,1978.28,
3/18/24,Posted,ACH,,PAYPAL INST XFER 240317,18.32,,-18.32,1989.1,
3/18/24,Posted,TRANSFER,,Transfer to Schwab Bank Investor Savings,200,,-200,2007.42,
3/18/24,Posted,ACH,,CAPITAL ONE TRANSFER,200,,-200,2207.42,
3/18/24,Posted,ACH,,AMEX EPAYMENT ACH PMT 240318,96.24,,-96.24,2407.42,
3/18/24,Posted,VISA,,MY HOT LUNCHBOX WWW.MYHOTLUNC,39.88,,-39.88,2503.66,
3/17/24,Posted,VISA,,Logos 800-8756467,10.75,,-10.75,2543.54,
3/16/24,Posted,VISA,,PARAMOUNT+ 888-274-5343,6.46,,-6.46,2554.29,
3/15/24,Posted,ACH,,SRP SUREPAY-S1 240315,174.96,,-174.96,2560.75,
3/15/24,Posted,VISA,,SXM*SIRIUSXM.COM/ACCT 888-635-5144,9.99,,-9.99,2735.71,
3/15/24,Posted,ACH,,"USAA CREDIT CARD RETRY PYMT 240307,Effec",524,,-524,2745.7,
3/15/24,Posted,ACH,,"USAA FSB ICPAYMENT 240314~ Tran: ACHDW,E",342.27,,-342.27,3269.7,
3/15/24,Posted,TRANSFER,,Funds Transfer to Brokerage ...209,100,,-100,3611.97,
3/15/24,Posted,TRANSFER,,Transfer to Schwab Bank Investor Savings,1000,,-1000,3711.97,
3/15/24,Posted,ACH,,AMERIPRISE FINC AUTH PMT ~ Tran: ACHDW,94.06,,-94.06,4711.97,
3/15/24,Posted,ACH,,"OPTUM SERVICES, DIR DEP 240309~ Tran: AC",,4774.36,4774.36,4806.03,
3/13/24,Posted,ACH,,AMERIPRISE FINC AUTH PMT ~ Tran: ACHDW,29.68,,-29.68,31.67,
3/12/24,Posted,ACH,,"SALLIE MAE BANK AUTOPAY 240310,Effective",172.07,,-172.07,61.35,
3/12/24,Posted,ACH,,"USAA.COM PAYMNT LOAN 240308,Effective  0",305.33,,-305.33,233.42,
3/12/24,Posted,ACH,,"CHASE CREDIT CRD AUTOPAY 240308,Effectiv",258,,-258,538.75,
3/12/24,Posted,ACH,,"NAVIENT NAVI DEBIT 807929,Effective  03/",146.23,,-146.23,796.75,
3/12/24,Posted,TRANSFER,,Transfer from Schwab Bank Investor Savin,,600,600,942.98,
3/12/24,Posted,VISA,,D J*WALL-ST-JOURNAL 800-568-7625,8.45,,-8.45,342.98,
3/12/24,Posted,ACH,,CITI AUTOPAY PAYMENT 240311,41,,-41,351.43,
3/11/24,Posted,VISA,,Prime Video Channels amzn.com/bill,7.57,,-7.57,392.43,
3/11/24,Posted,TRANSFER,,Transfer from Schwab Bank Investor Savin,,400,400,400,
3/11/24,Posted,TRANSFER,,Overdraft Transfer from Brokerage ...209,,15.24,15.24,0,
3/11/24,Posted,ACH,,SALLIE MAE BANK AUTOPAY 240310,25,,-25,-15.24,
3/11/24,Posted,ACH,,SALLIE MAE BANK AUTOPAY 240310,25,,-25,9.76,
3/11/24,Posted,VISA,,Prime Video Channels amzn.com/bill,3.24,,-3.24,34.76,
3/11/24,Posted,VISA,,APPLE COM ONE APPLE PAR CUPERTINO,4.31,,-4.31,38,
3/9/24,Posted,VISA,,Microsoft msbill.info 425-7038358,19.74,,-19.74,42.31,
3/9/24,Posted,VISA,,MICROSOFT*STORE MSBILL.INFO,9.99,,-9.99,62.05,
3/7/24,Posted,VISA,,GOOGLE *YouTubePremium g.co/helppay#,15.15,,-15.15,72.04,
3/7/24,Posted,ACH,,PAYPAL INST XFER 240306,10,,-10,87.19,
3/7/24,Posted,VISA,,REFORMED FORUM 224-8751101,41.5,,-41.5,97.19,
3/6/24,Posted,VISA,,Prime Video Channels amzn.com/bill,10.82,,-10.82,138.69,
3/6/24,Posted,ACH,,SHELL ONLINE PMT 240305,300,,-300,149.51,
3/5/24,Posted,ACH,,UNITEDWHOLESALE 1 TIME DFT 030124,4796.79,,-4796.79,449.51,
3/5/24,Posted,ACH,,CAPITAL ONE CRCARDPMT 240304,59,,-59,5246.3,
3/5/24,Posted,ACH,,JUDSON UNIV SCHOOLFEES 240301~ Tran: ACH,3245.59,,-3245.59,5305.3,
3/5/24,Posted,VISA,,FEVO* PHOENIX RISING MY.FEVO.COM,90.56,,-90.56,8550.89,
3/4/24,Posted,VISA,,PEARL POOL SERVICE LLC pearlpool2232,130,,-130,8641.45,
3/4/24,Posted,VISA,,ARIZONA ARSENAL SOCCER WWW.AZARSENAL,,120,120,8771.45,
3/4/24,Posted,ACH,,AMEX EPAYMENT ACH PMT 240304,5345.18,,-5345.18,8651.45,
3/4/24,Posted,TRANSFER,,Transfer to Schwab Bank Investor Savings,200,,-200,13996.63,
3/4/24,Posted,ACH,,DALLAS BAPTIST U DBU- ACH- 030224,555,,-555,14196.63,
3/4/24,Posted,ACH,,CAPITAL ONE TRANSFER,200,,-200,14751.63,
3/4/24,Posted,VISA,,APPLE.COM/BILL 866-712-7753,4.32,,-4.32,14951.63,
3/3/24,Posted,VISA,,Kindle Unltd*RZ39030U1 888-802-3080,12.99,,-12.99,14955.95,
3/3/24,Posted,VISA,,CHIPOTLE ONLINE CHIPOTLE.COM,16.68,,-16.68,14968.94,
3/3/24,Posted,VISA,,PY *BLACK ROCK COFFEE B MESA,8.26,,-8.26,14985.62,
3/2/24,Posted,VISA,,LOWES #00714* MESA,521.93,,-521.93,14993.88,
3/2/24,Posted,VISA,,ARETE PREP 480-2224233,245,,-245,15515.81,
3/1/24,Posted,TRANSFER,,Funds Transfer to Brokerage ...209,100,,-100,15760.81,
3/1/24,Posted,ACH,,FID BKG SVC LLC MONEYLINE 240301,100,,-100,15860.81,
3/1/24,Posted,VISA,,Logos 800-8756467,21.3,,-21.3,15960.81,
3/1/24,Posted,ACH,,VERIZON WIRELESS PAYMENTS 240301~ Tran:,414.48,,-414.48,15982.11,
3/1/24,Posted,ACH,,"OPTUM SERVICES, DIR DEP 240224~ Tran: AC",,15179.65,15179.65,16396.59,
2/29/24,Posted,INTADJUST,,Interest Paid,,1.04,1.04,1216.94,
2/29/24,Posted,ATMREBATE,,ATM Fee Rebate,,3,3,1215.9,
2/29/24,Posted,ACH,,PAYPAL INST XFER 240228,10.4,,-10.4,1212.9,
2/29/24,Posted,ACH,,PAYPAL INST XFER 240228~ Tran: ACHDW,88.22,,-88.22,1223.3,
2/29/24,Posted,ATM,,Wells Fargo Ban 2950 N Phoenix,43,,-43,1311.52,
2/28/24,Posted,ACH,,PAYPAL INST XFER 240227,6.33,,-6.33,1354.52,
2/28/24,Posted,VISA,,APPLE.COM/BILL 866-712-7753,80.58,,-80.58,1360.85,
2/27/24,Posted,ACH,,GLOBAL CREDIT UN PAYMENT,489.79,,-489.79,1441.43,
2/26/24,Posted,ACH,,PAYPAL INST XFER 240223,14,,-14,1931.22,
2/25/24,Posted,VISA,,CHICAGO CUBS BASEBALL S CHICAGO,10,,-10,1945.22,
2/25/24,Posted,VISA,,CHICK-FIL-A #01738 MESA,12.44,,-12.44,1955.22,
2/24/24,Posted,VISA,,OPALSTACK WEB HOSTING HTTPSOPALSTAC,11.5,,-11.5,1967.66,
2/23/24,Posted,VISA,,THE DAVENANT INSTITUTE HTTPSDAVENANT,25,,-25,1979.16,
2/23/24,Posted,ACH,,WF CREDIT CARD AUTO PAY 240222,25,,-25,2004.16,
2/23/24,Posted,VISA,,AMERICAN ...106452904 FORT WORTH,47.6,,-47.6,2029.16,
2/23/24,Posted,VISA,,AMERICAN ...121186378 FORT WORTH,120.2,,-120.2,2076.76,
2/23/24,Posted,VISA,,AMERICAN ...106452904 FORT WORTH,26.32,,-26.32,2196.96,
2/23/24,Posted,VISA,,AMERICAN ...121186378 FORT WORTH,120.2,,-120.2,2223.28,
2/23/24,Posted,VISA,,AMERICAN ...106452900 FORT WORTH,83.84,,-83.84,2343.48,
2/23/24,Posted,VISA,,AMERICAN ...106452900 FORT WORTH,83.84,,-83.84,2427.32,
2/23/24,Posted,VISA,,AMERICAN ...121186362 FORT WORTH,191.2,,-191.2,2511.16,
2/23/24,Posted,VISA,,AMERICAN ...121186362 FORT WORTH,191.2,,-191.2,2702.36,
2/23/24,Posted,VISA,,AMERICAN ...121185712 FORT WORTH,364.2,,-364.2,2893.56,
2/23/24,Posted,VISA,,AMERICAN ...106452735 FORT WORTH,32.69,,-32.69,3257.76,
2/23/24,Posted,ACH,,PAYPAL INST XFER 240222,120,,-120,3290.45,
2/23/24,Posted,ACH,,SHELL AUTO PYMT 240222,73,,-73,3410.45,
2/22/24,Posted,VISA,,NETGEAR INC 408-890-3088,31.68,,-31.68,3483.45,
2/22/24,Posted,VISA,,SXM*SIRIUSXM.COM/ACCT 888-635-5144,23.05,,-23.05,3515.13,
2/22/24,Posted,VISA,,NOE IMPORT AUTO MESA,1135.29,,-1135.29,3538.18,
2/22/24,Posted,VISA,,FAT CATS MESA MESA,10.26,,-10.26,4673.47,
2/22/24,Posted,VISA,,APPLE.COM/BILL 866-712-7753,1.07,,-1.07,4683.73,
2/21/24,Posted,VISA,,APPLE.COM/BILL 866-712-7753,3.24,,-3.24,4684.8,
2/20/24,Posted,VISA,,UHC SAFETRIP 763-283-4867,469.37,,-469.37,4688.04,
2/20/24,Posted,ACH,,CAPITAL ONE TRANSFER,200,,-200,5157.41,
2/20/24,Posted,ACH,,AMEX EPAYMENT ACH PMT 240220,109.19,,-109.19,5357.41,
2/20/24,Posted,ACH,,COX COMM PHX BANK DRAFT 021724,49.99,,-49.99,5466.6,
2/20/24,Posted,ACH,,PAYPAL INST XFER 240216,18.32,,-18.32,5516.59,
2/20/24,Posted,ACH,,PAYPAL INST XFER 240218,0.75,,-0.75,5534.91,
2/19/24,Posted,VISA,,APPLE.COM/BILL 866-712-7753,10.82,,-10.82,5535.66,
2/19/24,Posted,VISA,,NETFLIX COM LOS GATOS,24.78,,-24.78,5546.48,
2/19/24,Posted,TRANSFER,,Transfer to Schwab Bank Investor Savings,200,,-200,5571.26,
2/18/24,Posted,VISA,,LS ROCKET FIZZ VENTURA ...014283,17.06,,-17.06,5771.26,
2/18/24,Posted,VISA,,APPLE.COM/BILL 866-712-7753,10.82,,-10.82,5788.32,
2/18/24,Posted,VISA,,SQ *SANTA BARBARA WOODF Goleta,18,,-18,5799.14,
2/16/24,Posted,ACH,,"SRP SUREPAY-S1 240215,Effective  02/15/2",242.58,,-242.58,5817.14,
2/16/24,Posted,VISA,,PARAMOUNT+ 888-274-5343,6.46,,-6.46,6059.72,
2/16/24,Posted,TRANSFER,,Funds Transfer to Brokerage ...209,100,,-100,6066.18,
2/16/24,Posted,ACH,,GREATHEARTS PAYROLL ~ Tran: ACHDD,,1246.72,1246.72,6166.18,
2/16/24,Posted,ACH,,"OPTUM SERVICES, DIR DEP 240210~ Tran: AC",,4774.35,4774.35,4919.46,
2/15/24,Posted,VISA,,SXM*SIRIUSXM.COM/ACCT 888-635-5144,9.99,,-9.99,145.11,
2/15/24,Posted,ACH,,AMERIPRISE FINC AUTH PMT ~ Tran: ACHDW,94.06,,-94.06,155.1,
2/14/24,Posted,ACH,,USAA.COM PAYMNT LOAN 240213,305.33,,-305.33,249.16,
2/14/24,Posted,VISA,,APPLE COM ONE APPLE PAR CUPERTINO,3.24,,-3.24,554.49,
2/14/24,Posted,ACH,,USAA FSB ICPAYMENT 240214~ Tran: ACHDW,342.27,,-342.27,557.73,
2/13/24,Posted,TRANSFER,,Transfer from Schwab Bank Investor Savin,,900,900,900,
2/13/24,Posted,TRANSFER,,Overdraft Transfer from Brokerage ...209,,8.45,8.45,0,
2/13/24,Posted,VISA,,D J*WALL-ST-JOURNAL 800-568-7625,8.45,,-8.45,-8.45,
2/13/24,Posted,TRANSFER,,Overdraft Transfer from Brokerage ...209,,29.68,29.68,0,
2/13/24,Posted,ACH,,AMERIPRISE FINC AUTH PMT ~ Tran: ACHDW,29.68,,-29.68,-29.68,
2/12/24,Posted,TRANSFER,,Overdraft Transfer from Brokerage ...209,,169.67,169.67,0,
2/12/24,Posted,ACH,,CHASE CREDIT CRD AUTOPAY 240209,246,,-246,-169.67,
2/12/24,Posted,ACH,,SALLIE MAE BANK AUTOPAY 240209,172.07,,-172.07,76.33,
2/12/24,Posted,ACH,,NAVIENT NAVI DEBIT 807929,146.23,,-146.23,248.4,
2/12/24,Posted,ACH,,CITI AUTOPAY PAYMENT 240209,41,,-41,394.63,
2/12/24,Posted,ACH,,SALLIE MAE BANK AUTOPAY 240209,25,,-25,435.63,
2/12/24,Posted,ACH,,SALLIE MAE BANK AUTOPAY 240209,25,,-25,460.63,
2/11/24,Posted,VISA,,Prime Video Channels amzn.com/bill,6.49,,-6.49,485.63,
2/11/24,Posted,VISA,,Prime Video Channels amzn.com/bill,3.24,,-3.24,492.12,
2/9/24,Posted,VISA,,Microsoft ...87890 701-2817490,19.72,,-19.72,495.36,
2/9/24,Posted,ACH,,USAA CREDIT CARD PAYMENT 240207,529,,-529,515.08,
2/8/24,Posted,ACH,,AMEX EPAYMENT ACH PMT 240208,2387.21,,-2387.21,1044.08,
2/8/24,Posted,ACH,,PAYPAL INST XFER 240207,210,,-210,3431.29,
2/7/24,Posted,VISA,,GOOGLE *YouTubePremium g.co/helppay#,15.15,,-15.15,3641.29,
2/7/24,Posted,DEPOSIT,,Deposit Mobile Banking,,2500,2500,3656.44,
2/7/24,Posted,ACH,,PAYPAL INST XFER 240206,10,,-10,1156.44,
2/7/24,Posted,VISA,,REFORMED FORUM 224-8751101,41.5,,-41.5,1166.44,
2/7/24,Posted,VISA,,REFORMED FORUM 224-8751101,50,,-50,1207.94,
2/6/24,Posted,VISA,,Prime Video Channels amzn.com/bill,10.82,,-10.82,1257.94,
2/6/24,Posted,ACH,,UNITEDWHOLESALE 1 TIME DFT 020224,4796.79,,-4796.79,1268.76,
2/6/24,Posted,ACH,,CAPITAL ONE CRCARDPMT 240204,61,,-61,6065.55,
2/5/24,Posted,ACH,,CAPITAL ONE TRANSFER,200,,-200,6126.55,
2/5/24,Posted,TRANSFER,,Transfer to Schwab Bank Investor Savings,200,,-200,6326.55,
2/3/24,Posted,VISA,,Kindle Unltd*R25011QK2 888-802-3080,12.99,,-12.99,6526.55,
2/2/24,Posted,VISA,,PEARL POOL SERVICE LLC pearlpool2232,130,,-130,6539.54,
2/2/24,Posted,VISA,,APPLE.COM/BILL 866-712-7753,4.32,,-4.32,6669.54,
2/2/24,Posted,TRANSFER,,Funds Transfer to Brokerage ...209,100,,-100,6673.86,
2/2/24,Posted,ACH,,BAYER 04 LEVERKUSEN FUSSBALL GMBH IAT PA,140.47,,-140.47,6773.86,
2/2/24,Posted,ACH,,"OPTUM SERVICES, DIR DEP 240127~ Tran: AC",,4762.83,4762.83,6914.33,
2/1/24,Posted,ACH,,FID BKG SVC LLC MONEYLINE 240201,100,,-100,2151.5,
1/31/24,Posted,INTADJUST,,Interest Paid,,1.17,1.17,2251.5,
1/31/24,Posted,VISA,,AZ MVD FEE 602-255-0072,358.96,,-358.96,2250.33,
1/30/24,Posted,ACH,,VERIZON WIRELESS PAYMENTS 240130~ Tran:,314.8,,-314.8,2609.29,
1/29/24,Posted,ACH,,PAYPAL INST XFER 240128,10.4,,-10.4,2924.09,
1/29/24,Posted,ACH,,PAYPAL INST XFER 240128,88.22,,-88.22,2934.49,
1/29/24,Posted,ACH,,PAYPAL INST XFER 240127,6.33,,-6.33,3022.71,
1/28/24,Posted,VISA,,IN-N-OUT CABAZON CABAZON,22.2,,-22.2,3029.04,
1/26/24,Posted,ACH,,GLOBAL CREDIT UN PAYMENT,489.79,,-489.79,3051.24,
1/26/24,Posted,ACH,,CITY OF MESA CHECKPYMT 240125~ Tran: ACH,303.49,,-303.49,3541.03,
1/24/24,Posted,VISA,,OPALSTACK WEB HOSTING HTTPSOPALSTAC,11.5,,-11.5,3844.52,
1/24/24,Posted,ACH,,PAYPAL INST XFER 240123,14,,-14,3856.02,
1/23/24,Posted,ACH,,WF CREDIT CARD AUTO PAY 240122,25,,-25,3870.02,
1/23/24,Posted,ACH,,SHELL AUTO PYMT 240122,68,,-68,3895.02,
1/22/24,Posted,VISA,,SXM*SIRIUSXM.COM/ACCT 888-635-5144,23.05,,-23.05,3963.02,
1/22/24,Posted,ACH,,PADDLE.COM MARKET LIMITED IAT PAYPAL USD,39.95,,-39.95,3986.07,
1/22/24,Posted,ACH,,CAPITAL ONE N.A. CAPITALONE,200,,-200,4026.02,
1/22/24,Posted,TRANSFER,,Transfer to Schwab Bank Investor Savings,200,,-200,4226.02,
1/21/24,Posted,VISA,,APPLE COM ONE APPLE PAR CUPERTINO,3.24,,-3.24,4426.02,
1/20/24,Posted,VISA,,APPLE COM ONE APPLE PAR CUPERTINO,1.07,,-1.07,4429.26,
1/19/24,Posted,ACH,,"NAVIENT RETRY PYMT 807929,Effective  01/",146.23,,-146.23,4430.33,
1/19/24,Posted,ACH,,"AMEX EPAYMENT ACH PMT 240118,Effective",77.69,,-77.69,4576.56,
1/19/24,Posted,VISA,,NETFLIX COM LOS GATOS,24.78,,-24.78,4654.25,
1/19/24,Posted,TRANSFER,,Funds Transfer to Brokerage ...209,100,,-100,4679.03,
1/19/24,Posted,VISA,,APPLE.COM/BILL 866-712-7753,10.82,,-10.82,4779.03,
1/19/24,Posted,ACH,,"OPTUM SERVICES, DIR DEP 240113~ Tran: AC",,4762.81,4762.81,4789.85,
1/18/24,Posted,ACH,,SRP SUREPAY-S1 240118,177.25,,-177.25,27.04,
1/18/24,Posted,VISA,,APPLE.COM/BILL 866-712-7753,10.82,,-10.82,204.29,
1/18/24,Posted,ACH,,"USAA FSB ICPAYMENT 240114,Effective  01/",342.27,,-342.27,215.11,
1/18/24,Posted,TRANSFER,,Transfer from Schwab Bank Investor Savin,,500,500,557.38,
1/18/24,Posted,ACH,,COX COMM PHX BANK DRAFT 011724~ Tran: AC,139.98,,-139.98,57.38,
1/17/24,Posted,ACH,,PAYPAL INST XFER 240116,18.32,,-18.32,197.36,
1/17/24,Posted,ACH,,CHASE CREDIT CRD RETRY PYMT 240109~ Tran,228,,-228,215.68,
1/16/24,Posted,VISA,,PARAMOUNT+ 888-274-5343,6.46,,-6.46,443.68,
1/16/24,Posted,VISA,,AMZN Mktp US*RT7B75Q41 Amzn.com/bill,45.81,,-45.81,450.14,
1/16/24,Posted,VISA,,D J*WALL-ST-JOURNAL 800-568-7625,8.45,,-8.45,495.95,
1/16/24,Posted,ACH,,AMEX EPAYMENT ACH PMT 240116,4873.89,,-4873.89,504.4,
1/16/24,Posted,ACH,,USAA.COM PAYMNT RETRY PYMT 240109,305.33,,-305.33,5378.29,
1/16/24,Posted,ACH,,AMERIPRISE FINC AUTH PMT ~ Tran: ACHDW,123.74,,-123.74,5683.62,
1/15/24,Posted,VISA,,SXM*SIRIUSXM.COM/ACCT 888-635-5144,9.99,,-9.99,5807.36,
1/14/24,Posted,VISA,,IN-N-OUT DESERT RIDGE PHOENIX,17.76,,-17.76,5817.35,
1/14/24,Posted,VISA,,SQ *HAPPY ZACH'S FUN FO Phoenix,19.55,,-19.55,5835.11,
1/12/24,Posted,VISA,,APPLE.COM/BILL 866-712-7753,7.56,,-7.56,5854.66,
1/12/24,Posted,ACH,,"SALLIE MAE BANK AUTOPAY 240110,Effective",172.07,,-172.07,5862.22,
1/12/24,Posted,TRANSFER,,Transfer from Schwab Bank Investor Savin,,3000,3000,6034.29,
1/12/24,Posted,VISA,,BACKYARD TACO - UNIVERS MESA,31.46,,-31.46,3034.29,
1/11/24,Posted,VISA,,Prime Video Channels amzn.com/bill,3.24,,-3.24,3065.75,
1/11/24,Posted,TRANSFER,,Transfer from Schwab Bank Investor Savin,,3000,3000,3068.99,
1/11/24,Posted,ACH,,SALLIE MAE BANK AUTOPAY 240110,25,,-25,68.99,
1/11/24,Posted,ACH,,SALLIE MAE BANK AUTOPAY 240110,25,,-25,93.99,
1/11/24,Posted,VISA,,Prime Video Channels amzn.com/bill,6.49,,-6.49,118.99,
1/10/24,Posted,ACH,,CITI AUTOPAY PAYMENT 240109,41,,-41,125.48,
1/9/24,Posted,VISA,,NOESARK.COM 480-8306810,32,,-32,166.48,
1/9/24,Posted,VISA,,...SOFT#G036559830 MSBILL.INFO,19.72,,-19.72,198.48,
1/9/24,Posted,VISA,,THE VAN BUREN PHOENIX,13.8,,-13.8,218.2,
1/9/24,Posted,ACH,,USAA CREDIT CARD PAYMENT 240107,533,,-533,232,
1/9/24,Posted,VISA,,CHARLATANS ...396947,35,,-35,765,
1/8/24,Posted,TRANSFER,,Transfer from Schwab Bank Investor Savin,,800,800,800,
1/8/24,Posted,TRANSFER,,Overdraft Transfer from Brokerage ...209,,6.47,6.47,0,
1/8/24,Posted,ACH,,UNITEDWHOLESALE 1 TIME DFT 010424,4796.79,,-4796.79,-6.47,
1/8/24,Posted,ACH,,CAPITAL ONE N.A. CAPITALONE,200,,-200,4790.32,
1/8/24,Posted,ACH,,PAYPAL INST XFER 240106,10,,-10,4990.32,
1/8/24,Posted,TRANSFER,,Transfer to Schwab Bank Investor Savings,200,,-200,5000.32,
1/7/24,Posted,VISA,,GOOGLE *YouTubePremium g.co/helppay#,15.15,,-15.15,5200.32,
1/7/24,Posted,VISA,,COSTCO WHSE #1028 MESA,10.25,,-10.25,5215.47,
1/6/24,Posted,VISA,,Prime Video Channels amzn.com/bill,10.82,,-10.82,5225.72,
1/6/24,Posted,VISA,,REFORMED FORUM 224-8751101,36.35,,-36.35,5236.54,
1/5/24,Posted,TRANSFER,,Transfer from Schwab Bank Investor Savin,,800,800,5272.89,
1/5/24,Posted,VISA,,TST* AMERICAS TACO SHOP Phoenix,11.69,,-11.69,4472.89,
1/5/24,Posted,VISA,,BT BIOLAMENSOCCER ...51460,311.24,,-311.24,4484.58,
1/5/24,Posted,TRANSFER,,Funds Transfer to Brokerage ...209,100,,-100,4795.82,
1/5/24,Posted,ACH,,CAPITAL ONE CRCARDPMT 240104,60,,-60,4895.82,
1/5/24,Posted,ACH,,"OPTUM SERVICES, DIR DEP 231230~ Tran: AC",,4742.14,4742.14,4955.82,
1/4/24,Posted,VISA,,PEARL POOL SERVICE LLC pearlpool2232,130,,-130,213.68,
1/3/24,Posted,VISA,,NOESARK.COM 480-8306810,15,,-15,343.68,
1/3/24,Posted,VISA,,Kindle Unltd*EW4SH2FC3 888-802-3080,12.99,,-12.99,358.68,
1/3/24,Posted,ACH,,DALLAS BAPTIST U DBU- ACH- 010224,555,,-555,371.67,
1/2/24,Posted,ACH,,FID BKG SVC LLC MONEYLINE 240102,100,,-100,926.67,
1/2/24,Posted,VISA,,APPLE.COM/BILL 866-712-7753,4.32,,-4.32,1026.67,
1/2/24,Posted,ACH,,VERIZON WIRELESS PAYMENTS 240102~ Tran:,314.73,,-314.73,1030.99,